accX,accY,accZ,gyrX,gyrY,gyrZ
0.50537109375,-0.38623046875,-0.07373046875,53.8330078125,-21.42333984375,234.7412109375
0.5029296875,-0.3974609375,-0.068359375,53.77197265625,-19.59228515625,217.46826171875
0.5029296875,-0.40478515625,-0.08056640625,53.5888671875,-17.822265625,215.8203125
0.5048828125,-0.42041015625,-0.07373046875,53.28369140625,0.1220703125,213.5009765625
0.5029296875,-0.43505859375,-0.06494140625,53.03955078125,1.46484375,211.73095703125
0.50390625,-0.3173828125,-0.18603515625,52.734375,3.23486328125,225.341796875
0.51171875,-0.32470703125,-0.18017578125,52.67333984375,4.2724609375,223.69384765625
0.50146484375,-0.330078125,-0.17724609375,52.490234375,5.0048828125,221.923828125
0.5009765625,-0.34375,-0.17333984375,52.18505859375,6.16455078125,219.6044921875
0.505859375,-0.35009765625,-0.1630859375,52.06298828125,6.89697265625,202.20947265625
0.51123046875,-0.36083984375,-0.16357421875,52.24609375,7.2021484375,200.25634765625
0.51416015625,-0.36572265625,-0.1552734375,52.001953125,7.6904296875,198.8525390625
0.46484375,-0.36474609375,0.22021484375,51.20849609375,-6.28662109375,196.71630859375
0.31591796875,-0.32666015625,0.2451171875,50.10986328125,-1.3427734375,210.8154296875
0.54736328125,-0.34423828125,-0.06982421875,49.74365234375,20.93505859375,209.228515625
0.55029296875,-0.3388671875,0.11767578125,49.1943359375,15.44189453125,207.94677734375
0.34912109375,-0.50146484375,0.43408203125,30.8837890625,35.400390625,206.48193359375
0.439453125,-0.5380859375,-0.25439453125,28.80859375,23.62060546875,204.52880859375
0.50341796875,-0.52880859375,0.0498046875,28.80859375,25.390625,203.55224609375
0.318359375,-0.54931640625,0.20849609375,27.587890625,26.611328125,187.3779296875
0.498046875,-0.64453125,0.29736328125,38.02490234375,28.99169921875,186.767578125
0.35107421875,-0.61669921875,0.123046875,34.48486328125,48.64501953125,185.60791015625
0.54052734375,-0.63671875,0.25390625,23.62060546875,48.27880859375,184.87548828125
0.63134765625,-0.654296875,0.4013671875,38.63525390625,47.9736328125,185.1806640625
0.4619140625,-0.64404296875,0.10400390625,38.02490234375,48.33984375,185.1806640625
0.4970703125,-0.64697265625,0.11083984375,36.80419921875,48.4619140625,184.50927734375
0.55517578125,-0.6455078125,0.27734375,35.33935546875,48.2177734375,184.50927734375
0.52880859375,-0.6337890625,0.111328125,33.26416015625,30.94482421875,184.6923828125
0.5224609375,-0.62646484375,0.09375,32.16552734375,29.23583984375,185.11962890625
0.51220703125,-0.484375,0.09912109375,14.95361328125,26.42822265625,185.546875
0.53466796875,-0.4853515625,0.0986328125,13.671875,24.59716796875,185.791015625
0.4384765625,-0.63134765625,0.0859375,13.0615234375,38.02490234375,186.279296875
0.453125,-0.66455078125,0.10595703125,12.3291015625,35.2783203125,186.1572265625
0.47998046875,-0.56640625,0.10498046875,12.02392578125,33.50830078125,186.279296875
0.48193359375,-0.5810546875,0.0869140625,11.3525390625,31.494140625,185.36376953125
0.45703125,-0.58740234375,0.076171875,11.16943359375,14.5263671875,185.05859375
0.55615234375,-0.59521484375,0.0703125,10.6201171875,12.6953125,184.4482421875
0.56201171875,-0.59912109375,0.1845703125,10.19287109375,11.71875,184.2041015625
0.4404296875,-0.60693359375,0.1748046875,9.82666015625,10.498046875,183.59375
0.54541015625,-0.75146484375,0.1728515625,9.33837890625,8.60595703125,183.16650390625
0.54931640625,-0.7802734375,0.1767578125,8.9111328125,23.193359375,182.55615234375
0.44287109375,-0.69091796875,0.06787109375,8.7890625,21.240234375,181.884765625
0.462890625,-0.728515625,0.07470703125,8.85009765625,19.8974609375,181.396484375
0.4677734375,-0.75,0.072265625,8.9111328125,18.37158203125,180.72509765625
0.4453125,-0.9072265625,0.08837890625,8.97216796875,16.11328125,179.74853515625
0.5390625,-0.91357421875,0.078125,9.46044921875,-1.03759765625,194.76318359375
0.5263671875,-0.9150390625,0.18310546875,9.46044921875,-3.173828125,194.27490234375
0.52490234375,-0.91943359375,0.1748046875,9.82666015625,-4.8828125,194.15283203125
0.5380859375,-0.935546875,0.150390625,10.1318359375,-6.77490234375,194.03076171875
0.5576171875,-0.83837890625,-0.0009765625,9.94873046875,7.6904296875,193.7255859375
0.44580078125,-1.00244140625,-0.01708984375,10.07080078125,7.01904296875,193.66455078125
0.447265625,-0.95263671875,-0.0478515625,9.70458984375,6.16455078125,193.42041015625
0.45068359375,-0.9873046875,-0.06201171875,9.3994140625,5.79833984375,193.05419921875
0.4599609375,-1.15576171875,0.03466796875,9.33837890625,5.126953125,192.87109375
0.4482421875,-1.16845703125,0.03515625,9.27734375,4.638671875,192.68798828125
0.46240234375,-1.1708984375,0.04296875,9.1552734375,3.72314453125,192.56591796875
0.45458984375,-1.1728515625,0.0400390625,9.1552734375,2.13623046875,192.32177734375
0.447265625,-1.16552734375,0.0361328125,9.27734375,0.67138671875,192.3828125
0.453125,-1.15869140625,0.048828125,9.94873046875,-17.578125,192.2607421875
0.4580078125,-1.15673828125,0.0380859375,10.31494140625,-19.47021484375,192.138671875
0.45068359375,-1.14892578125,0.02099609375,11.04736328125,-22.216796875,192.0166015625
0.44482421875,-1.14013671875,0.01025390625,11.5966796875,-8.1787109375,191.89453125
0.5537109375,-1.12890625,0.00244140625,12.0849609375,-9.6435546875,191.71142578125
0.52880859375,-0.98291015625,-0.1416015625,12.6953125,-11.65771484375,191.89453125
0.53369140625,-0.96875,-0.1689453125,12.939453125,-12.939453125,192.07763671875
0.51904296875,-0.94580078125,-0.06787109375,13.36669921875,-14.892578125,192.32177734375
0.5078125,-0.939453125,-0.1826171875,13.24462890625,-31.982421875,192.5048828125
0.52001953125,-0.94140625,-0.18603515625,13.427734375,-34.36279296875,192.56591796875
0.51708984375,-0.94775390625,-0.17919921875,13.97705078125,-37.841796875,193.17626953125
0.51220703125,-0.9658203125,-0.16552734375,14.34326171875,-24.2919921875,193.4814453125
0.521484375,-1.0,-0.17041015625,14.5263671875,-27.2216796875,193.603515625
0.37353515625,-1.154296875,-0.18115234375,14.892578125,-28.9306640625,193.7255859375
0.3466796875,-1.1845703125,-0.1708984375,14.83154296875,-46.93603515625,193.54248046875
0.322265625,-1.07421875,-0.1845703125,14.83154296875,-47.91259765625,193.54248046875
0.40673828125,-1.0859375,-0.068359375,14.83154296875,-49.13330078125,193.4814453125
0.24267578125,-1.0966796875,-0.18310546875,14.6484375,-51.3916015625,193.66455078125
0.22705078125,-1.0986328125,-0.181640625,14.16015625,-52.734375,193.7255859375
0.20166015625,-1.1083984375,-0.17919921875,13.73291015625,-40.71044921875,193.7255859375
0.19287109375,-1.1064453125,-0.16943359375,13.427734375,-43.8232421875,193.78662109375
0.2998046875,-1.095703125,-0.16064453125,13.18359375,-62.56103515625,193.66455078125
0.2578125,-1.07080078125,-0.1611328125,12.87841796875,-68.17626953125,193.7255859375
0.103515625,-1.1767578125,0.005859375,12.51220703125,-56.94580078125,193.54248046875
0.08837890625,-1.12744140625,-0.1708984375,12.451171875,-80.26123046875,193.54248046875
0.18701171875,-0.9814453125,0.00927734375,12.39013671875,-85.8154296875,193.603515625
0.10302734375,-1.0556640625,-0.18408203125,12.3291015625,-78.0029296875,193.7255859375
0.07275390625,-1.0283203125,-0.17333984375,12.3291015625,-98.57177734375,193.9697265625
0.17578125,-1.00927734375,-0.1611328125,12.26806640625,-87.40234375,193.9697265625
0.083984375,-1.00146484375,-0.17578125,12.39013671875,-110.16845703125,194.51904296875
0.09326171875,-0.853515625,-0.0849609375,12.75634765625,-114.3798828125,194.51904296875
0.1728515625,-0.84033203125,-0.13232421875,13.18359375,-104.00390625,195.12939453125
0.0771484375,-0.83349609375,-0.16064453125,13.48876953125,-107.36083984375,195.25146484375
0.0732421875,-0.8212890625,-0.07666015625,13.916015625,-126.3427734375,179.74853515625
0.1689453125,-0.91552734375,-0.1474609375,14.70947265625,-130.18798828125,180.0537109375
0.06298828125,-0.9033203125,-0.1484375,15.07568359375,-132.080078125,179.74853515625
0.16259765625,-0.8837890625,-0.177734375,32.16552734375,-118.83544921875,179.8095703125
0.14013671875,-0.74853515625,-0.16259765625,33.02001953125,-120.05615234375,195.25146484375
0.150390625,-0.72265625,-0.150390625,34.0576171875,-120.9716796875,179.74853515625
0.1376953125,-0.7138671875,-0.1591796875,35.0341796875,-121.337890625,195.25146484375
0.126953125,-0.7041015625,-0.15234375,36.2548828125,-121.15478515625,195.068359375
-0.00830078125,-0.6953125,-0.146484375,37.65869140625,-120.4833984375,194.51904296875
-0.00927734375,-0.8095703125,-0.142578125,38.818359375,-119.384765625,194.091796875
-0.01708984375,-0.76318359375,-0.1396484375,24.90234375,-117.431640625,193.115234375
-0.017578125,-0.6025390625,-0.12939453125,26.123046875,-131.4697265625,192.68798828125
-0.05859375,-0.6171875,0.02490234375,27.03857421875,-129.94384765625,192.0166015625
0.04833984375,-0.7685546875,0.03955078125,28.80859375,-127.0751953125,190.85693359375
0.3984375,-0.7373046875,0.3447265625,29.35791015625,-125.1220703125,190.4296875
0.158203125,-0.9404296875,0.673828125,28.4423828125,-112.79296875,190.0634765625
0.306640625,-1.025390625,0.33837890625,28.6865234375,-99.54833984375,188.78173828125
0.171875,-0.81884765625,0.33642578125,27.9541015625,-62.255859375,189.02587890625
-0.27099609375,-0.87744140625,0.52734375,26.4892578125,-66.2841796875,188.3544921875
0.11962890625,-0.7255859375,0.75927734375,23.49853515625,-44.49462890625,187.744140625
-0.06494140625,-0.73974609375,0.0810546875,37.2314453125,-49.98779296875,187.6220703125
-0.37939453125,-0.9052734375,0.24072265625,36.4990234375,-30.2734375,170.2880859375
-0.138671875,-0.83837890625,0.58837890625,33.87451171875,-28.564453125,167.8466796875
-0.11962890625,-0.86669921875,0.55322265625,31.8603515625,-28.6865234375,166.8701171875
-0.21044921875,-1.00927734375,0.490234375,14.95361328125,-30.8837890625,164.85595703125
-0.2900390625,-1.0361328125,0.72607421875,12.0849609375,-52.734375,177.1240234375
-0.24560546875,-1.009765625,0.66796875,10.1318359375,-42.41943359375,175.59814453125
-0.41455078125,-0.85009765625,0.619140625,22.5830078125,-67.3828125,172.30224609375
-0.21923828125,-0.84619140625,0.61181640625,20.08056640625,-58.837890625,154.72412109375
-0.21923828125,-0.83935546875,0.46728515625,16.41845703125,-84.5947265625,151.67236328125
-0.3056640625,-0.9130859375,0.46923828125,-1.46484375,-75.5615234375,149.5361328125
-0.29541015625,-0.8251953125,0.63916015625,-3.96728515625,-97.0458984375,162.9638671875
-0.20361328125,-0.865234375,0.36962890625,-7.01904296875,-88.68408203125,160.58349609375
-0.27490234375,-0.86328125,0.41796875,7.01904296875,-92.10205078125,158.87451171875
-0.06884765625,-0.84619140625,0.24755859375,4.69970703125,-110.2294921875,156.43310546875
-0.1689453125,-0.85107421875,0.28076171875,3.35693359375,-110.4736328125,139.22119140625
-0.14892578125,-0.83642578125,0.07421875,2.8076171875,-110.04638671875,137.5732421875
-0.13916015625,-0.82861328125,0.171875,2.13623046875,-93.32275390625,134.8876953125
-0.14501953125,-0.8291015625,0.140625,1.8310546875,-91.73583984375,133.30078125
0.001953125,-0.9248046875,0.04931640625,2.0751953125,-89.35546875,146.17919921875
0.025390625,-0.89794921875,0.02099609375,2.62451171875,-87.0361328125,144.53125
0.02099609375,-0.744140625,-0.142578125,3.41796875,-99.18212890625,142.63916015625
0.02294921875,-0.72412109375,-0.1796875,3.7841796875,-97.0458984375,140.625
0.0244140625,-0.6962890625,-0.07275390625,4.82177734375,-94.7265625,123.71826171875
0.0185546875,-0.80712890625,-0.0888671875,5.37109375,-75.74462890625,121.4599609375
0.02685546875,-0.79541015625,-0.10400390625,6.28662109375,-74.21875,119.93408203125
0.03173828125,-0.78076171875,-0.11865234375,7.01904296875,-72.57080078125,118.10302734375
0.0302734375,-0.7705078125,-0.10888671875,7.62939453125,-71.8994140625,132.38525390625
0.0263671875,-0.7744140625,-0.1044921875,7.75146484375,-72.08251953125,130.92041015625
0.05322265625,-0.607421875,-0.103515625,-7.080078125,-73.73046875,128.60107421875
0.0390625,-0.75732421875,-0.06982421875,-6.89697265625,-75.86669921875,126.89208984375
-0.1865234375,-0.72314453125,-0.14453125,-7.14111328125,-95.5810546875,108.82568359375
-0.06689453125,-0.7412109375,-0.1640625,-6.89697265625,-99.30419921875,107.60498046875
-0.14501953125,-0.73779296875,-0.13916015625,-6.89697265625,-89.4775390625,105.46875
-0.1396484375,-0.72900390625,0.01611328125,-6.9580078125,-93.26171875,103.69873046875
-0.14990234375,-0.7119140625,0.02197265625,-7.32421875,-112.73193359375,101.6845703125
-0.16845703125,-0.68896484375,0.05126953125,-7.6904296875,-103.02734375,114.501953125
-0.1767578125,-0.79443359375,-0.02587890625,7.4462890625,-106.689453125,112.4267578125
-0.14013671875,-0.6171875,0.142578125,7.14111328125,-128.35693359375,109.68017578125
-0.0634765625,-0.79248046875,0.06689453125,6.53076171875,-131.7138671875,91.552734375
-0.10498046875,-0.6923828125,0.0810546875,6.34765625,-119.44580078125,89.53857421875
-0.18408203125,-0.802734375,0.06689453125,5.9814453125,-123.4130859375,86.60888671875
-0.14892578125,-0.78125,0.06787109375,5.615234375,-124.93896484375,99.91455078125
-0.14404296875,-0.77001953125,0.0771484375,4.638671875,-141.54052734375,96.37451171875
-0.15087890625,-0.767578125,0.0751953125,3.7841796875,-141.29638671875,93.81103515625
-0.158203125,-0.7763671875,0.08544921875,3.11279296875,-124.755859375,75.86669921875
-0.1513671875,-0.80126953125,0.10986328125,1.5869140625,-122.98583984375,71.96044921875
-0.14111328125,-0.8125,0.11279296875,0.732421875,-121.39892578125,85.14404296875
-0.1259765625,-0.69482421875,0.10791015625,-16.2353515625,-118.5302734375,81.11572265625
-0.12841796875,-0.69775390625,0.10791015625,-17.02880859375,-132.080078125,78.18603515625
-0.14306640625,-0.68798828125,0.11669921875,-18.6767578125,-128.90625,58.4716796875
-0.15673828125,-0.8125,0.1240234375,-19.59228515625,-127.01416015625,55.6640625
-0.16845703125,-0.81005859375,0.25390625,-20.32470703125,-125.732421875,68.603515625
-0.1513671875,-0.7880859375,0.251953125,-22.15576171875,-108.82568359375,64.63623046875
-0.13720703125,-0.7783203125,0.25537109375,-23.01025390625,-108.0322265625,46.2646484375
-0.14111328125,-0.76318359375,0.26708984375,-8.6669921875,-107.91015625,41.93115234375
-0.14697265625,-0.75244140625,0.27001953125,-9.3994140625,-107.7880859375,39.12353515625
-0.15185546875,-0.61328125,0.26953125,-10.009765625,-108.09326171875,52.001953125
-0.17236328125,-0.58251953125,0.2578125,-11.3525390625,-125.06103515625,47.8515625
-0.18115234375,-0.564453125,0.25390625,-12.02392578125,-125.8544921875,29.47998046875
-0.06591796875,-0.67626953125,0.11181640625,-13.427734375,-127.0751953125,25.45166015625
-0.07421875,-0.677734375,0.10205078125,-14.2822265625,-128.2958984375,38.57421875
-0.07763671875,-0.6845703125,0.09765625,-15.2587890625,-129.7607421875,34.66796875
-0.0673828125,-0.56396484375,0.091796875,-31.982421875,-131.04248046875,31.8603515625
-0.1796875,-0.56298828125,0.0908203125,-32.89794921875,-132.4462890625,13.73291015625
-0.17431640625,-0.56298828125,0.095703125,-33.935546875,-119.07958984375,9.27734375
-0.181640625,-0.56689453125,0.1064453125,-34.423828125,-120.91064453125,22.03369140625
-0.06494140625,-0.685546875,0.12060546875,-35.21728515625,-123.9013671875,17.27294921875
-0.0712890625,-0.67138671875,0.25439453125,-35.70556640625,-141.90673828125,-1.46484375
-0.07373046875,-0.65869140625,0.25830078125,-35.7666015625,-144.53125,-4.69970703125
-0.080078125,-0.49365234375,0.2587890625,-35.94970703125,-148.4375,6.4697265625
-0.08935546875,-0.47314453125,0.26416015625,-35.888671875,-135.80322265625,3.173828125
-0.08837890625,-0.43798828125,0.25537109375,-36.0107421875,-140.0146484375,-16.9677734375
-0.0830078125,-0.5458984375,0.25146484375,-35.94970703125,-157.958984375,-20.1416015625
-0.17919921875,-0.5244140625,0.25634765625,-35.94970703125,-161.0107421875,-9.1552734375
-0.1533203125,-0.52001953125,0.12451171875,-35.64453125,-162.841796875,-12.39013671875
-0.13525390625,-0.51904296875,0.25341796875,-35.46142578125,-163.87939453125,-31.6162109375
-0.13232421875,-0.5068359375,0.2734375,-35.21728515625,-149.2919921875,-36.62109375
-0.126953125,-0.36279296875,0.2802734375,-34.912109375,-149.59716796875,-24.59716796875
-0.12890625,-0.32080078125,0.30078125,-34.423828125,-149.35302734375,-29.60205078125
-0.13330078125,-0.41357421875,0.19140625,-34.24072265625,-149.169921875,-48.52294921875
-0.12841796875,-0.39208984375,0.1962890625,-34.0576171875,-148.5595703125,-51.7578125
0.005859375,-0.24169921875,0.20263671875,-33.63037109375,-162.7197265625,-41.259765625
0.01904296875,-0.2197265625,0.216796875,-33.447265625,-161.7431640625,-44.49462890625
0.0244140625,-0.19873046875,0.22216796875,-32.958984375,-159.7900390625,-64.88037109375
0.0283203125,-0.1884765625,0.228515625,-32.77587890625,-158.5693359375,-68.2373046875
0.05029296875,-0.29541015625,0.24560546875,-32.53173828125,-156.73828125,-57.9833984375
-0.05908203125,-0.28564453125,0.24853515625,-32.71484375,-139.7705078125,-61.21826171875
-0.04736328125,-0.27587890625,0.37890625,-32.5927734375,-138.7939453125,-80.26123046875
-0.04638671875,-0.25439453125,0.39404296875,-32.40966796875,-137.26806640625,-85.38818359375
-0.0556640625,-0.10595703125,0.39501953125,-32.16552734375,-136.5966796875,-73.30322265625
0.05810546875,-0.06640625,0.3974609375,-32.04345703125,-136.1083984375,-94.3603515625
0.05615234375,-0.171875,0.396484375,-32.04345703125,-135.6201171875,-97.83935546875
0.060546875,-0.15869140625,0.3955078125,-32.1044921875,-135.498046875,-101.318359375
-0.0595703125,-0.14208984375,0.39306640625,-32.04345703125,-135.7421875,-91.24755859375
-0.0615234375,-0.13427734375,0.39306640625,-32.3486328125,-135.6201171875,-110.595703125
-0.060546875,0.009765625,0.400390625,-32.71484375,-135.80322265625,-116.0888671875
0.06103515625,0.02685546875,0.3994140625,-33.0810546875,-136.23046875,-104.18701171875
-0.060546875,0.0517578125,0.39599609375,-33.3251953125,-136.41357421875,-125.67138671875
-0.06005859375,-0.060546875,0.39306640625,-33.69140625,-136.474609375,-129.5166015625
-0.0517578125,-0.04541015625,0.39013671875,-34.11865234375,-136.474609375,-117.67578125
-0.03076171875,-0.0322265625,0.392578125,-34.66796875,-136.65771484375,-123.47412109375
-0.01171875,-0.037109375,0.3974609375,-34.7900390625,-136.5966796875,-143.06640625
0.14453125,-0.04345703125,0.41943359375,-35.21728515625,-135.55908203125,-133.544921875
0.154296875,-0.0380859375,0.43017578125,-35.64453125,-134.94873046875,-137.87841796875
0.1513671875,-0.02294921875,0.3134765625,-35.82763671875,-134.033203125,-157.53173828125
0.15380859375,0.14990234375,0.330078125,-35.888671875,-147.64404296875,-163.63525390625
0.16064453125,0.17578125,0.328125,-35.82763671875,-146.1181640625,-152.03857421875
0.1572265625,0.09521484375,0.33740234375,-35.94970703125,-143.06640625,-173.27880859375
0.1494140625,0.1240234375,0.35302734375,-36.07177734375,-124.81689453125,-177.1240234375
0.16796875,0.29443359375,0.35302734375,-36.0107421875,-120.91064453125,-166.93115234375
0.18505859375,0.203125,0.36083984375,-36.376953125,-118.0419921875,-170.71533203125
0.083984375,0.234375,0.3720703125,-36.4990234375,-130.7373046875,-189.94140625
0.11376953125,0.38330078125,0.5224609375,-36.62109375,-126.3427734375,-195.068359375
0.2548828125,0.41357421875,0.53466796875,-36.865234375,-107.97119140625,-183.10546875
0.29345703125,0.3349609375,0.55517578125,-37.41455078125,-104.248046875,-204.345703125
0.19775390625,0.35986328125,0.55908203125,-37.59765625,-101.6845703125,-208.1298828125
0.216796875,0.51171875,0.47021484375,-37.9638671875,-115.1123046875,-196.2890625
0.24462890625,0.54833984375,0.4892578125,-38.330078125,-111.63330078125,-202.0263671875
0.40380859375,0.43994140625,0.48193359375,-38.57421875,-109.619140625,-221.25244140625
0.40576171875,0.49169921875,0.64453125,-38.75732421875,-91.30859375,-226.5625
0.4208984375,0.654296875,0.65283203125,-23.62060546875,-89.53857421875,-214.599609375
0.32177734375,0.60302734375,0.62890625,-24.59716796875,-86.85302734375,-235.41259765625
0.33935546875,0.77587890625,0.4990234375,-25.146484375,-100.64697265625,-238.76953125
0.35546875,0.70361328125,0.650390625,-25.93994140625,-98.81591796875,-226.74560546875
0.36962890625,0.892578125,0.64990234375,-27.40478515625,-96.25244140625,-231.93359375
0.50732421875,0.91357421875,0.66455078125,-28.38134765625,-95.27587890625,-251.03759765625
0.55224609375,0.82470703125,0.59619140625,-30.09033203125,-94.05517578125,-256.16455078125
0.44873046875,0.8466796875,0.60205078125,-47.05810546875,-94.05517578125,-244.2626953125
0.462890625,1.00390625,0.751953125,-48.15673828125,-94.3603515625,-248.046875
0.63671875,1.0556640625,0.783203125,-50.537109375,-95.0927734375,-269.4091796875
0.66357421875,0.97509765625,0.78271484375,-52.001953125,-96.00830078125,-273.4375
0.68115234375,1.16748046875,0.810546875,-54.5654296875,-97.10693359375,-264.0380859375
0.57666015625,1.09814453125,0.7177734375,-40.8935546875,-97.65625,-284.11865234375
0.59912109375,1.29443359375,0.72021484375,-43.8232421875,-97.16796875,-274.84130859375
0.61328125,1.22314453125,0.7314453125,-46.142578125,-96.49658203125,-279.1748046875
0.75244140625,1.41015625,0.744140625,-64.208984375,-94.90966796875,-299.25537109375
0.791015625,1.36669921875,0.73779296875,-67.93212890625,-76.0498046875,-290.52734375
0.69189453125,1.525390625,0.7236328125,-55.17578125,-73.54736328125,-295.34912109375
0.74560546875,1.466796875,0.74169921875,-60.11962890625,-84.3505859375,-318.7255859375
0.8974609375,1.6533203125,0.884765625,-79.2236328125,-81.23779296875,-308.59375
0.7490234375,1.57666015625,0.73779296875,-82.8857421875,-62.1337890625,-329.77294921875
0.93017578125,1.775390625,0.7490234375,-73.2421875,-56.94580078125,-322.998046875
0.873046875,1.71240234375,0.8837890625,-77.45361328125,-70.00732421875,-344.3603515625
1.03125,1.89794921875,0.87646484375,-99.67041015625,-66.650390625,-337.21923828125
0.9619140625,1.81689453125,0.876953125,-88.80615234375,-64.94140625,-343.505859375
0.9814453125,1.86376953125,0.8857421875,-111.99951171875,-63.3544921875,-352.47802734375
1.13916015625,2.0048828125,0.90087890625,-101.6845703125,-63.1103515625,-358.642578125
1.10400390625,1.93896484375,0.91455078125,-107.2998046875,-63.4765625,-380.4931640625
1.26171875,2.16796875,0.904296875,-131.16455078125,-64.208984375,-374.08447265625
1.3095703125,2.09423828125,0.90087890625,-121.76513671875,-64.75830078125,-396.05712890625
1.42333984375,2.2802734375,0.88671875,-146.6064453125,-66.58935546875,-389.09912109375
1.365234375,2.2060546875,0.8779296875,-137.75634765625,-67.7490234375,-410.82763671875
1.54541015625,2.39794921875,0.74609375,-160.58349609375,-68.90869140625,-401.06201171875
1.64794921875,2.50537109375,0.88232421875,-155.82275390625,-55.84716796875,-425.048828125
1.572265625,2.5595703125,0.74609375,-178.955078125,-57.7392578125,-415.283203125
1.802734375,2.6708984375,0.7451171875,-190.49072265625,-61.09619140625,-438.5986328125
1.748046875,2.62109375,0.73291015625,-182.9833984375,-78.9794921875,-443.603515625
1.85546875,2.70703125,0.7041015625,-195.73974609375,-82.1533203125,-435.11962890625
2.0517578125,2.7451171875,0.6884765625,-220.3369140625,-83.92333984375,-455.13916015625
1.9921875,2.91943359375,0.806640625,-213.56201171875,-85.5712890625,-459.53369140625
2.0927734375,3.0205078125,0.7734375,-227.5390625,-71.96044921875,-450.13427734375
2.31005859375,2.96142578125,0.62060546875,-253.11279296875,-72.81494140625,-469.8486328125
2.31591796875,3.0625,0.60791015625,-267.9443359375,-74.52392578125,-475.9521484375
2.51611328125,3.2568359375,0.6123046875,-262.3291015625,-75.439453125,-464.05029296875
2.4609375,3.21337890625,0.60302734375,-288.4521484375,-76.5380859375,-467.83447265625
2.59716796875,3.3486328125,0.568359375,-304.19921875,-94.1162109375,-489.013671875
2.7177734375,3.4384765625,0.67919921875,-314.94140625,-95.76416015625,-492.0654296875
2.86865234375,3.68212890625,0.67578125,-331.4208984375,-97.65625,-481.4453125
3.0380859375,3.77783203125,0.6708984375,-326.72119140625,-98.7548828125,-484.375
3.14013671875,3.83349609375,0.49755859375,-343.44482421875,-100.4638671875,-503.5400390625
3.25048828125,3.94287109375,0.4599609375,-354.91943359375,-101.318359375,-505.55419921875
3.376953125,4.06494140625,0.5478515625,-381.89697265625,-101.5625,-507.14111328125
3.53857421875,4.2197265625,0.50732421875,-384.09423828125,-101.50146484375,-494.07958984375
3.47705078125,4.43505859375,0.3623046875,-411.4990234375,-101.1962890625,-495.42236328125
3.58447265625,4.46630859375,0.3662109375,-429.3212890625,-100.28076171875,-496.7041015625
3.80322265625,4.59521484375,0.341796875,-441.162109375,-99.30419921875,-497.37548828125
3.908203125,4.72119140625,0.423828125,-437.3779296875,-97.0458984375,-497.74169921875
3.94580078125,5.00830078125,0.39501953125,-470.8251953125,-77.0263671875,-498.10791015625
4.1630859375,4.9794921875,0.24755859375,-466.97998046875,-73.1201171875,-498.4130859375
4.2880859375,5.25732421875,0.1904296875,-500.42724609375,-81.4208984375,-498.96240234375
4.24072265625,5.2216796875,0.29638671875,-496.52099609375,-60.05859375,-499.0234375
4.50390625,5.5048828125,0.2958984375,-513.73291015625,-66.10107421875,-499.267578125
4.46240234375,5.49462890625,0.271484375,-525.20751953125,-44.25048828125,-499.81689453125
4.66748046875,5.60693359375,0.123046875,-552.001953125,-53.64990234375,-515.80810546875
4.60205078125,5.748046875,0.25146484375,-568.42041015625,-29.84619140625,-516.2353515625
4.7919921875,5.83154296875,0.09814453125,-579.345703125,-24.90234375,-516.54052734375
4.8291015625,5.984375,0.1611328125,-595.03173828125,-33.26416015625,-516.78466796875
5.01904296875,6.10546875,0.14697265625,-590.087890625,-12.939453125,-517.27294921875
5.03271484375,6.244140625,0.14453125,-616.02783203125,-8.544921875,-517.15087890625
4.9873046875,6.47314453125,-0.0400390625,-631.591796875,-18.73779296875,-516.4794921875
5.07421875,6.60205078125,0.0478515625,-641.66259765625,0.9765625,-516.05224609375
5.2255859375,6.9189453125,-0.1259765625,-657.04345703125,7.62939453125,-499.57275390625
5.4111328125,7.046875,-0.0732421875,-651.55029296875,-3.0517578125,-498.96240234375
5.5283203125,7.2900390625,-0.11474609375,-666.748046875,21.42333984375,-498.291015625
5.4931640625,7.34423828125,-0.10888671875,-692.138671875,12.0849609375,-497.98583984375
5.67333984375,7.6484375,-0.2861328125,-686.70654296875,35.0341796875,-497.61962890625
5.79345703125,7.81884765625,-0.40185546875,-701.7822265625,31.18896484375,-496.88720703125
5.91015625,8.12841796875,-0.3505859375,-711.73095703125,39.12353515625,-496.52099609375
5.8505859375,8.38623046875,-0.49609375,-727.23388671875,66.58935546875,-495.361328125
6.013671875,8.5458984375,-0.57421875,-753.47900390625,57.861328125,-494.7509765625
6.02001953125,8.5888671875,-0.76220703125,-748.84033203125,78.7353515625,-493.59130859375
5.95556640625,8.8154296875,-0.72802734375,-781.43310546875,82.3974609375,-506.34765625
5.962890625,9.0615234375,-0.90380859375,-777.34375,82.3974609375,-503.96728515625
6.18505859375,9.0888671875,-1.06201171875,-795.0439453125,78.7353515625,-484.130859375
6.25146484375,9.22265625,-1.185546875,-807.7392578125,58.59375,-480.65185546875
6.2919921875,9.3408203125,-1.310546875,-827.81982421875,66.22314453125,-490.29541015625
6.20068359375,9.56103515625,-1.23046875,-841.85791015625,43.76220703125,-485.41259765625
6.2138671875,9.4912109375,-1.4248046875,-856.75048828125,51.45263671875,-464.4775390625
6.1982421875,9.6708984375,-1.54248046875,-894.53125,36.92626953125,-470.27587890625
6.392578125,9.7802734375,-1.46484375,-909.97314453125,9.521484375,-446.96044921875
6.37939453125,9.91259765625,-1.49072265625,-917.17529296875,5.55419921875,-432.92236328125
6.40673828125,9.8671875,-1.63525390625,-932.7392578125,-9.33837890625,-437.744140625
6.33935546875,9.9716796875,-1.60498046875,-948.18115234375,-24.59716796875,-426.45263671875
6.33056640625,10.1044921875,-1.67041015625,-986.4501953125,-64.39208984375,-390.380859375
6.3349609375,10.20751953125,-1.62451171875,-1001.89208984375,-80.2001953125,-391.66259765625
6.533203125,10.52783203125,-1.73876953125,-1008.544921875,-88.68408203125,-351.9287109375
6.3515625,10.4609375,-1.7373046875,-1023.86474609375,-104.3701171875,-350.03662109375
6.42919921875,10.58544921875,-1.853515625,-1046.08154296875,-145.6298828125,-306.21337890625
6.28125,10.60791015625,-1.83544921875,-1060.546875,-163.4521484375,-301.08642578125
6.10498046875,10.80078125,-1.845703125,-1074.8291015625,-167.724609375,-263.671875
11.6962890625,1.85595703125,-7.7666015625,-1100.89111328125,-178.89404296875,-254.8828125
13.14794921875,4.9462890625,-15.89697265625,-781.55517578125,563.17138671875,-217.95654296875
-2.9150390625,5.18994140625,15.1142578125,-750.6103515625,1773.37646484375,-229.98046875
9.91357421875,0.626953125,-1.29736328125,-654.47998046875,1280.45654296875,-247.61962890625
-1.39501953125,15.87451171875,-13.50927734375,-217.95654296875,1130.4931640625,-285.46142578125
3.330078125,-0.88720703125,13.31640625,-872.49755859375,807.55615234375,-311.95068359375
4.8505859375,3.6259765625,-1.44189453125,-592.46826171875,562.31689453125,-283.203125
-0.02001953125,11.14892578125,-9.69140625,-426.513671875,289.55078125,-314.63623046875
7.8603515625,1.0244140625,5.62109375,-806.396484375,168.02978515625,-292.90771484375
0.4599609375,6.865234375,-5.3603515625,-508.056640625,-74.21875,-259.033203125
1.1513671875,7.646484375,-4.1552734375,-568.90869140625,-209.9609375,-258.7890625
7.2412109375,1.6630859375,6.3408203125,-812.5,-270.08056640625,-247.86376953125
0.818359375,5.94775390625,-4.3125,-647.3388671875,-422.4853515625,-224.609375
2.09326171875,7.05126953125,-3.42333984375,-668.27392578125,-470.88623046875,-208.55712890625
6.08935546875,3.283203125,2.8076171875,-836.5478515625,-476.6845703125,-175.72021484375
2.2099609375,6.19677734375,-3.08837890625,-729.6142578125,-512.75634765625,-145.56884765625
2.96630859375,6.22119140625,-1.33203125,-782.8369140625,-521.8505859375,-125.18310546875
5.63525390625,4.21240234375,2.7734375,-854.248046875,-490.90576171875,-73.2421875
3.68359375,6.43017578125,-2.216796875,-799.6826171875,-486.14501953125,-44.12841796875
4.4365234375,5.3662109375,2.03076171875,-865.478515625,-410.0341796875,-15.07568359375
4.96435546875,5.30322265625,1.24365234375,-864.8681640625,-353.3935546875,7.50732421875
4.5166015625,6.62841796875,-2.052734375,-806.70166015625,-329.77294921875,14.58740234375
4.37744140625,5.72216796875,1.451171875,-865.66162109375,-202.880859375,51.69677734375
4.62255859375,5.8271484375,0.08642578125,-838.68408203125,-150.08544921875,66.89453125
4.47802734375,6.353515625,-0.9716796875,-826.11083984375,-59.814453125,70.37353515625
4.30517578125,6.1640625,0.4208984375,-841.24755859375,5.859375,94.90966796875
4.19775390625,6.6796875,-1.49658203125,-824.52392578125,68.66455078125,93.32275390625
3.99755859375,6.5849609375,-0.95556640625,-845.88623046875,113.6474609375,116.02783203125
3.8291015625,6.69140625,-0.90087890625,-847.7783203125,144.775390625,107.11669921875
3.6435546875,7.03466796875,-1.58984375,-826.35498046875,163.39111328125,132.62939453125
3.39404296875,6.833984375,-1.51953125,-827.392578125,148.62060546875,124.0234375
2.953125,6.88916015625,-1.48583984375,-822.93701171875,122.74169921875,135.80322265625
2.88134765625,6.69140625,-1.67138671875,-835.14404296875,91.1865234375,160.64453125
2.66845703125,6.5849609375,-1.6083984375,-830.62744140625,64.697265625,155.45654296875
2.41015625,6.35986328125,-1.6025390625,-806.21337890625,-13.24462890625,189.0869140625
2.12158203125,6.310546875,-1.58349609375,-815.0634765625,-71.59423828125,186.95068359375
2.17431640625,6.01708984375,-1.88525390625,-802.30712890625,-179.50439453125,224.54833984375
2.00341796875,5.79443359375,-1.82421875,-776.91650390625,-238.6474609375,240.53955078125
1.73388671875,5.517578125,-1.7138671875,-761.3525390625,-305.96923828125,249.8779296875
1.7294921875,5.23681640625,-1.828125,-749.0234375,-355.28564453125,282.77587890625
1.70556640625,5.095703125,-2.03759765625,-751.40380859375,-413.818359375,299.8046875
1.6015625,4.85498046875,-1.9306640625,-714.4775390625,-448.66943359375,309.4482421875
1.60009765625,4.791015625,-1.87548828125,-699.21875,-488.28125,325.3173828125
1.58154296875,4.544921875,-1.88330078125,-689.88037109375,-492.919921875,362.85400390625
1.642578125,4.2470703125,-1.7080078125,-672.607421875,-495.849609375,375.9765625
1.4794921875,4.177734375,-1.802734375,-639.34326171875,-506.103515625,371.9482421875
1.46728515625,3.90625,-1.80810546875,-628.23486328125,-467.46826171875,386.71875
1.54052734375,3.615234375,-1.7802734375,-610.53466796875,-458.740234375,409.97314453125
1.501953125,3.556640625,-1.66259765625,-583.984375,-411.80419921875,402.77099609375
1.314453125,3.3701171875,-1.4990234375,-567.56591796875,-358.642578125,422.05810546875
1.22900390625,3.37353515625,-1.4921875,-527.34375,-296.875,424.74365234375
1.18798828125,3.52587890625,-1.5595703125,-512.02392578125,-269.34814453125,424.4384765625
1.11181640625,3.52001953125,-1.345703125,-497.314453125,-225.76904296875,423.15673828125
0.99658203125,3.3486328125,-1.35791015625,-491.943359375,-162.65869140625,403.86962890625
1.00341796875,3.4033203125,-1.37109375,-462.7685546875,-108.0322265625,399.71923828125
0.724609375,3.2646484375,-1.4267578125,-459.41162109375,-55.84716796875,408.8134765625
0.75,3.18359375,-1.3193359375,-431.57958984375,-26.06201171875,387.8173828125
0.65380859375,2.9833984375,-1.50830078125,-419.61669921875,-15.93017578125,398.01025390625
0.5380859375,3.00537109375,-1.5234375,-402.52685546875,14.892578125,373.779296875
0.3203125,2.93212890625,-1.52392578125,-407.28759765625,30.2734375,367.67578125
0.27978515625,2.69189453125,-1.44287109375,-374.8779296875,45.34912109375,358.7646484375
0.07275390625,2.62451171875,-1.556640625,-379.57763671875,66.34521484375,353.02734375
-0.0205078125,2.634765625,-1.55322265625,-362.548828125,67.626953125,360.04638671875
0.03369140625,2.55224609375,-1.4541015625,-351.01318359375,64.94140625,338.8671875
-0.16259765625,2.3271484375,-1.4658203125,-323.91357421875,44.00634765625,349.365234375
-0.115234375,2.28515625,-1.4638671875,-306.21337890625,47.607421875,325.86669921875
-0.29443359375,2.17138671875,-1.48388671875,-294.43359375,37.7197265625,321.1669921875
-0.24169921875,2.01708984375,-1.498046875,-276.7333984375,21.05712890625,329.04052734375
-0.40087890625,1.91845703125,-1.6298828125,-265.07568359375,-6.53076171875,308.4716796875
-0.42431640625,1.71630859375,-1.63330078125,-269.04296875,-18.6767578125,319.27490234375
-0.34326171875,1.5947265625,-1.626953125,-251.89208984375,-36.07177734375,296.20361328125
-0.35888671875,1.64599609375,-1.49462890625,-240.72265625,-47.18017578125,291.259765625
-0.5068359375,1.541015625,-1.484375,-224.30419921875,-45.8984375,298.9501953125
-0.5146484375,1.34716796875,-1.47998046875,-198.2421875,-69.64111328125,278.13720703125
-0.52294921875,1.24462890625,-1.44775390625,-183.2275390625,-78.91845703125,285.64453125
-0.51416015625,1.3115234375,-1.55224609375,-189.14794921875,-82.82470703125,264.22119140625
-0.5009765625,1.25830078125,-1.55029296875,-179.38232421875,-85.51025390625,258.544921875
-0.349609375,1.1748046875,-1.5341796875,-150.146484375,-85.8154296875,249.69482421875
-0.3388671875,0.998046875,-1.5185546875,-156.982421875,-84.228515625,243.7744140625
-0.42724609375,0.97705078125,-1.36376953125,-143.5546875,-78.9794921875,250.67138671875
-0.42919921875,0.96728515625,-1.35498046875,-119.384765625,-58.04443359375,229.248046875
-0.3330078125,0.96484375,-1.32568359375,-126.708984375,-67.2607421875,239.31884765625
-0.3203125,0.9375,-1.42236328125,-114.19677734375,-40.95458984375,215.33203125
-0.431640625,1.05322265625,-1.41162109375,-90.51513671875,-48.76708984375,225.4638671875
-0.333984375,1.0234375,-1.37646484375,-94.05517578125,-36.68212890625,202.08740234375
-0.35595703125,1.01611328125,-1.220703125,-70.4345703125,-13.18359375,197.08251953125
-0.375,1.00341796875,-1.19970703125,-58.7158203125,-18.06640625,205.6884765625
-0.52392578125,1.00732421875,-1.18896484375,-66.650390625,3.7841796875,185.48583984375
-0.5517578125,1.0068359375,-1.296875,-43.15185546875,-6.103515625,181.33544921875
-0.458984375,1.01806640625,-1.271484375,-47.79052734375,16.2353515625,191.34521484375
-0.4814453125,1.0263671875,-1.2705078125,-24.84130859375,19.8974609375,187.744140625
-0.6494140625,1.0439453125,-1.1220703125,-13.916015625,8.72802734375,166.8701171875
-0.6875,1.04248046875,-1.10693359375,-22.76611328125,10.7421875,179.62646484375
-0.5751953125,1.033203125,-1.099609375,-16.2353515625,12.20703125,176.69677734375
-0.56982421875,1.01708984375,-1.09716796875,-6.53076171875,13.7939453125,172.54638671875
-0.58056640625,1.0,-1.087890625,-0.54931640625,14.70947265625,154.296875
-0.6025390625,0.8505859375,-1.0771484375,8.48388671875,31.3720703125,150.69580078125
-0.59716796875,0.828125,-1.064453125,13.97705078125,32.16552734375,163.63525390625
-0.59423828125,0.9248046875,-1.06494140625,37.65869140625,33.87451171875,160.15625
-0.58349609375,0.90673828125,-1.06982421875,27.16064453125,35.400390625,157.71484375
-0.5751953125,0.9013671875,-1.06787109375,47.607421875,37.41455078125,139.6484375
-0.57861328125,0.896484375,-1.06396484375,39.4287109375,25.20751953125,136.29150390625
-0.58203125,0.88134765625,-1.06640625,43.9453125,27.83203125,134.27734375
-0.576171875,0.72607421875,-1.06396484375,66.2841796875,47.9736328125,146.484375
-0.5751953125,0.70947265625,-1.18408203125,54.8095703125,50.78125,144.34814453125
-0.57080078125,0.68994140625,-1.17919921875,58.837890625,53.7109375,142.27294921875
-0.68408203125,0.7802734375,-1.171875,80.322265625,41.8701171875,123.35205078125
-0.56298828125,0.76123046875,-1.171875,83.984375,44.43359375,121.09375
-0.5673828125,0.59375,-1.17236328125,73.66943359375,62.92724609375,117.67578125
-0.56787109375,0.56982421875,-1.17138671875,76.96533203125,64.5751953125,131.04248046875
-0.6875,0.66357421875,-1.17431640625,97.35107421875,65.91796875,127.62451171875
-0.56494140625,0.63818359375,-1.1767578125,99.9755859375,66.46728515625,125.30517578125
-0.56591796875,0.4921875,-1.166015625,86.9140625,66.5283203125,107.2998046875
-0.68359375,0.46435546875,-1.15966796875,90.39306640625,65.185546875,103.57666015625
-0.685546875,0.45458984375,-1.15625,92.46826171875,63.78173828125,116.8212890625
-0.564453125,0.55615234375,-1.1552734375,111.328125,45.0439453125,113.1591796875
-0.6826171875,0.54638671875,-1.1474609375,113.1591796875,42.54150390625,110.77880859375
-0.681640625,0.533203125,-1.14111328125,114.74609375,39.4287109375,92.46826171875
-0.564453125,0.5244140625,-1.13037109375,117.12646484375,49.86572265625,88.7451171875
-0.67822265625,0.517578125,-1.126953125,102.96630859375,30.6396484375,86.669921875
-0.66796875,0.52099609375,-0.9873046875,105.1025390625,25.20751953125,98.57177734375
-0.6669921875,0.52099609375,-0.986328125,106.38427734375,37.04833984375,96.37451171875
-0.6689453125,0.52294921875,-0.9814453125,108.0322265625,31.25,77.2705078125
-0.66455078125,0.52197265625,-0.9765625,125.0,11.962890625,75.50048828125
-0.66357421875,0.52880859375,-0.96337890625,126.15966796875,8.48388671875,73.3642578125
-0.6650390625,0.52685546875,-0.94921875,127.74658203125,18.6767578125,70.37353515625
-0.658203125,0.53173828125,-1.060546875,128.662109375,-0.3662109375,83.92333984375
-0.6552734375,0.53076171875,-1.0419921875,130.18798828125,-5.37109375,81.11572265625
-0.64990234375,0.52880859375,-1.03515625,130.9814453125,6.9580078125,79.345703125
-0.638671875,0.5205078125,-1.02783203125,132.14111328125,3.90625,62.07275390625
-0.498046875,0.509765625,-1.005859375,118.0419921875,-16.17431640625,59.38720703125
-0.4912109375,0.373046875,-0.8740234375,118.71337890625,-19.1650390625,57.373046875
-0.4736328125,0.3642578125,-0.8603515625,120.2392578125,-23.01025390625,70.25146484375
-0.46630859375,0.35693359375,-0.84765625,120.9716796875,-10.3759765625,68.42041015625
-0.4462890625,0.3447265625,-0.82861328125,122.314453125,-14.5263671875,65.73486328125
-0.5556640625,0.33935546875,-0.8212890625,122.802734375,-32.2265625,63.65966796875
-0.5419921875,0.33642578125,-0.9345703125,123.35205078125,-34.72900390625,46.142578125
-0.517578125,0.326171875,-0.92236328125,124.1455078125,-38.39111328125,43.15185546875
-0.50439453125,0.31494140625,-0.91259765625,124.8779296875,-25.2685546875,41.44287109375
-0.35546875,0.43310546875,-0.900390625,141.05224609375,-28.80859375,53.77197265625
-0.34228515625,0.4248046875,-0.890625,141.357421875,-31.25,51.7578125
-0.326171875,0.4267578125,-0.8837890625,141.66259765625,-49.31640625,49.6826171875
-0.4228515625,0.4296875,-0.74462890625,141.845703125,-52.978515625,30.82275390625
-0.40478515625,0.3125,-0.73583984375,142.2119140625,-39.97802734375,29.052734375
-0.3828125,0.31787109375,-0.71923828125,142.4560546875,-44.12841796875,26.0009765625
-0.244140625,0.32470703125,-0.71044921875,142.51708984375,-62.6220703125,23.98681640625
-0.21923828125,0.32958984375,-0.693359375,142.9443359375,-67.2607421875,36.4990234375
-0.19580078125,0.33642578125,-0.802734375,142.9443359375,-54.8095703125,34.7900390625
-0.3046875,0.341796875,-0.79345703125,143.24951171875,-58.2275390625,32.65380859375
-0.2763671875,0.34912109375,-0.7763671875,143.1884765625,-79.16259765625,13.73291015625
-0.26025390625,0.35107421875,-0.7646484375,143.1884765625,-82.8857421875,11.8408203125
-0.11181640625,0.36279296875,-0.62255859375,143.310546875,-72.998046875,8.6669921875
-0.10400390625,0.36279296875,-0.6123046875,143.310546875,-77.0263671875,22.216796875
-0.095703125,0.3642578125,-0.603515625,143.5546875,-96.8017578125,20.1416015625
-0.07568359375,0.36669921875,-0.58447265625,143.310546875,-87.21923828125,16.845703125
-0.18212890625,0.3671875,-0.57763671875,143.49365234375,-91.4306640625,-0.67138671875
-0.15966796875,0.36669921875,-0.68701171875,143.4326171875,-113.037109375,-4.33349609375
-0.1474609375,0.3662109375,-0.67333984375,143.310546875,-117.1875,-6.2255859375
-0.13232421875,0.36572265625,-0.66455078125,143.37158203125,-107.666015625,5.859375
-0.126953125,0.361328125,-0.6533203125,143.5546875,-127.25830078125,3.7841796875
0.0146484375,0.3583984375,-0.64599609375,143.1884765625,-131.34765625,1.28173828125
0.03759765625,0.35888671875,-0.63134765625,143.4326171875,-121.88720703125,-17.4560546875
0.05126953125,0.3544921875,-0.49462890625,143.00537109375,-141.6015625,-20.01953125
-0.05078125,0.34521484375,-0.48095703125,143.06640625,-147.39990234375,-23.4375
-0.037109375,0.3388671875,-0.47314453125,143.00537109375,-135.55908203125,-10.009765625
-0.013671875,0.3291015625,-0.466796875,142.822265625,-139.58740234375,-12.51220703125
0.13671875,0.4306640625,-0.4560546875,142.7001953125,-160.82763671875,-31.8603515625
0.1513671875,0.41845703125,-0.4443359375,142.39501953125,-148.49853515625,-34.11865234375
0.16455078125,0.39208984375,-0.5546875,142.27294921875,-153.6865234375,-38.0859375
0.17236328125,0.37890625,-0.5458984375,142.02880859375,-172.607421875,-24.90234375
0.18603515625,0.24169921875,-0.5322265625,141.90673828125,-177.42919921875,-28.50341796875
0.0751953125,0.234375,-0.52294921875,141.54052734375,-164.794921875,-31.005859375
0.0986328125,0.22998046875,-0.51025390625,141.41845703125,-167.8466796875,-49.01123046875
0.25146484375,0.228515625,-0.37451171875,141.2353515625,-187.68310546875,-52.8564453125
0.25927734375,0.21826171875,-0.361328125,141.2353515625,-190.3076171875,-39.6728515625
0.2509765625,0.19775390625,-0.3447265625,141.05224609375,-194.76318359375,-43.27392578125
0.11376953125,0.30029296875,-0.3330078125,140.9912109375,-181.884765625,-45.83740234375
0.12060546875,0.27197265625,-0.32080078125,141.17431640625,-184.814453125,-63.8427734375
0.26220703125,0.1005859375,-0.42626953125,141.17431640625,-204.4677734375,-67.44384765625
0.2802734375,0.0693359375,-0.41064453125,141.05224609375,-206.84814453125,-69.7021484375
0.3037109375,0.13916015625,-0.400390625,141.357421875,-210.44921875,-57.861328125
0.19482421875,-0.01904296875,-0.390625,141.29638671875,-196.59423828125,-60.36376953125
0.2236328125,0.05419921875,-0.3779296875,141.41845703125,-198.8525390625,-80.26123046875
0.24267578125,0.0322265625,-0.24755859375,141.6015625,-199.951171875,-82.763671875
0.38232421875,0.00830078125,-0.24560546875,141.41845703125,-200.5615234375,-85.51025390625
0.3916015625,-0.14599609375,-0.236328125,141.357421875,-200.86669921875,-73.974609375
0.4091796875,-0.1591796875,-0.23779296875,141.29638671875,-200.8056640625,-76.59912109375
0.32958984375,-0.15966796875,-0.23046875,140.7470703125,-200.1953125,-96.3134765625
0.330078125,-0.0732421875,-0.21142578125,124.8779296875,-199.5849609375,-99.2431640625
0.32275390625,-0.11279296875,-0.208984375,124.81689453125,-199.0966796875,-86.181640625
0.50537109375,-0.1904296875,-0.21337890625,124.32861328125,-197.8759765625,-90.02685546875
0.5615234375,-0.236328125,-0.2099609375,123.84033203125,-196.6552734375,-92.46826171875
0.63134765625,-0.4287109375,-0.205078125,122.98583984375,-210.0830078125,-111.99951171875
0.67138671875,-0.34814453125,-0.216796875,122.13134765625,-208.49609375,-114.8681640625
0.58740234375,-0.51416015625,-0.216796875,121.03271484375,-205.50537109375,-103.08837890625
0.6025390625,-0.52001953125,-0.21337890625,120.05615234375,-203.4912109375,-105.46875
0.6162109375,-0.51220703125,-0.21923828125,118.7744140625,-185.72998046875,-107.60498046875
0.79443359375,-0.36767578125,-0.23583984375,132.26318359375,-182.31201171875,-126.0986328125
0.73828125,-0.36181640625,-0.23583984375,130.7373046875,-180.23681640625,-127.74658203125
0.8193359375,-0.3681640625,-0.2314453125,128.35693359375,-192.87109375,-129.94384765625
0.859375,-0.51806640625,-0.2294921875,126.40380859375,-190.73486328125,-131.28662109375
1.0234375,-0.55078125,-0.2255859375,108.94775390625,-188.78173828125,-132.568359375
0.95068359375,-0.49658203125,-0.2109375,105.89599609375,-170.59326171875,-118.46923828125
0.974609375,-0.6591796875,-0.205078125,103.759765625,-169.25048828125,-118.896484375
1.13134765625,-0.56640625,-0.21240234375,116.3330078125,-167.66357421875,-119.68994140625
1.13232421875,-0.5830078125,-0.20068359375,114.07470703125,-167.05322265625,-119.7509765625
1.15625,-0.76318359375,-0.1953125,110.77880859375,-166.9921875,-119.2626953125
1.0732421875,-0.810546875,-0.306640625,93.017578125,-167.724609375,-119.0185546875
1.11474609375,-0.72021484375,-0.28515625,90.8203125,-168.9453125,-118.46923828125
1.11865234375,-0.90087890625,-0.09912109375,87.70751953125,-188.04931640625,-117.919921875
1.0712890625,-0.83056640625,-0.1865234375,101.4404296875,-191.34521484375,-117.3095703125
1.1865234375,-1.02978515625,-0.14208984375,99.30419921875,-182.861328125,-131.40869140625
1.0771484375,-0.94189453125,0.0107421875,98.2666015625,-204.2236328125,-130.31005859375
1.07568359375,-0.97119140625,0.0263671875,96.98486328125,-210.38818359375,-129.0283203125
1.169921875,-0.998046875,0.04541015625,95.5810546875,-220.5810546875,-127.3193359375
1.15087890625,-1.13134765625,-0.060546875,94.54345703125,-211.97509765625,-125.79345703125
0.98779296875,-1.142578125,-0.0107421875,77.7587890625,-239.013671875,-107.84912109375
0.982421875,-1.1572265625,-0.00244140625,77.08740234375,-230.8349609375,-106.14013671875
0.9990234375,-1.1826171875,-0.00048828125,76.416015625,-253.7841796875,-104.67529296875
0.9931640625,-1.1123046875,0.166015625,75.927734375,-247.74169921875,-102.294921875
0.97412109375,-1.27685546875,0.18408203125,75.3173828125,-269.4091796875,-116.69921875
0.98583984375,-1.310546875,0.18359375,74.52392578125,-261.29150390625,-114.80712890625
0.98486328125,-1.19482421875,0.0771484375,74.03564453125,-265.5029296875,-113.525390625
0.96533203125,-1.21142578125,0.1025390625,73.3642578125,-286.31591796875,-111.9384765625
0.95654296875,-1.22509765625,0.10302734375,72.8759765625,-288.6962890625,-111.02294921875
0.95654296875,-1.3818359375,0.11474609375,72.20458984375,-274.71923828125,-110.16845703125
0.9775390625,-1.322265625,0.2822265625,71.533203125,-276.123046875,-109.43603515625
0.962890625,-1.369140625,0.30908203125,70.98388671875,-276.55029296875,-93.44482421875
1.060546875,-1.53857421875,0.21337890625,70.49560546875,-276.18408203125,-93.20068359375
0.947265625,-1.5576171875,0.2236328125,85.693359375,-275.0244140625,-93.26171875
0.966796875,-1.447265625,0.232421875,85.38818359375,-273.681640625,-93.32275390625
0.95703125,-1.46630859375,0.38134765625,84.53369140625,-286.2548828125,-109.55810546875
0.94091796875,-1.48095703125,0.3974609375,84.04541015625,-283.75244140625,-109.80224609375
1.056640625,-1.48095703125,0.42431640625,83.3740234375,-263.427734375,-110.7177734375
1.046875,-1.478515625,0.31689453125,82.45849609375,-260.43701171875,-111.26708984375
1.03515625,-1.4599609375,0.33984375,81.9091796875,-271.3623046875,-112.48779296875
1.0068359375,-1.45654296875,0.501953125,81.35986328125,-268.5546875,-113.28125
0.8515625,-1.4541015625,0.53076171875,80.6884765625,-265.869140625,-114.2578125
0.8232421875,-1.447265625,0.55126953125,80.078125,-247.1923828125,-115.6005859375
0.82177734375,-1.44677734375,0.44873046875,79.9560546875,-245.42236328125,-116.5771484375
0.82861328125,-1.44580078125,0.4755859375,79.345703125,-243.2861328125,-102.84423828125
0.82861328125,-1.4521484375,0.486328125,78.9794921875,-242.67578125,-104.248046875
0.81884765625,-1.45947265625,0.6376953125,78.67431640625,-257.62939453125,-105.8349609375
0.91796875,-1.44580078125,0.6650390625,62.3779296875,-257.01904296875,-107.97119140625
0.9111328125,-1.5517578125,0.6806640625,62.1337890625,-256.8359375,-125.06103515625
0.9208984375,-1.51123046875,0.57275390625,61.46240234375,-257.14111328125,-127.01416015625
0.91357421875,-1.3603515625,0.5810546875,60.97412109375,-257.01904296875,-128.11279296875
0.9169921875,-1.3193359375,0.60009765625,60.48583984375,-257.32421875,-129.94384765625
0.92822265625,-1.419921875,0.61572265625,59.9365234375,-257.8125,-130.7373046875
0.9365234375,-1.40380859375,0.75439453125,59.38720703125,-242.85888671875,-132.01904296875
0.93212890625,-1.37646484375,0.76220703125,58.65478515625,-244.07958984375,-117.85888671875
0.81494140625,-1.24462890625,0.7763671875,58.10546875,-245.4833984375,-119.07958984375
0.81396484375,-1.23583984375,0.798828125,57.55615234375,-248.22998046875,-120.4833984375
0.82177734375,-1.22900390625,0.80517578125,57.0068359375,-266.11328125,-121.2158203125
0.8466796875,-1.22802734375,0.6884765625,56.45751953125,-268.85986328125,-122.1923828125
1.0126953125,-1.240234375,0.712890625,55.84716796875,-273.25439453125,-123.84033203125
1.0341796875,-1.3798828125,0.73974609375,55.5419921875,-260.6201171875,-124.93896484375
0.9482421875,-1.4033203125,0.89697265625,55.0537109375,-281.79931640625,-142.333984375
0.96337890625,-1.40771484375,0.91650390625,54.931640625,-285.46142578125,-143.73779296875
0.98779296875,-1.38818359375,0.93212890625,70.25146484375,-275.08544921875,-145.32470703125
1.1455078125,-1.24169921875,0.93701171875,69.9462890625,-278.4423828125,-146.3623046875
1.06640625,-1.2236328125,0.9326171875,69.88525390625,-281.25,-147.4609375
1.11669921875,-1.19970703125,0.93701171875,69.27490234375,-299.6826171875,-148.4375
1.2587890625,-1.30908203125,0.935546875,69.2138671875,-301.025390625,-133.4228515625
1.2958984375,-1.27880859375,0.9345703125,68.54248046875,-301.7578125,-134.27734375
1.205078125,-1.25634765625,0.82080078125,67.93212890625,-301.45263671875,-134.46044921875
1.23095703125,-1.0986328125,0.826171875,67.5048828125,-300.72021484375,-134.46044921875
1.39794921875,-1.17333984375,0.84814453125,67.3828125,-298.828125,-133.97216796875
1.43701171875,-1.15234375,0.869140625,67.138671875,-297.36328125,-133.544921875
1.36376953125,-0.9931640625,1.01513671875,66.95556640625,-278.9306640625,-133.056640625
1.50634765625,-0.97998046875,1.02392578125,67.138671875,-276.611328125,-148.25439453125
1.53125,-0.9462890625,1.03564453125,67.3828125,-288.02490234375,-146.97265625
1.556640625,-1.05224609375,1.04248046875,67.56591796875,-285.21728515625,-145.93505859375
1.45361328125,-1.03759765625,1.0400390625,67.68798828125,-281.43310546875,-144.71435546875
1.48779296875,-1.015625,1.03173828125,68.603515625,-260.07080078125,-142.63916015625
1.63330078125,-0.8740234375,1.03125,69.03076171875,-271.484375,-140.869140625
1.6708984375,-0.85400390625,1.02294921875,69.64111328125,-249.6337890625,-122.55859375
1.58349609375,-0.8486328125,1.01318359375,69.82421875,-245.05615234375,-120.66650390625
1.6083984375,-0.84326171875,1.00927734375,70.12939453125,-256.2255859375,-119.0185546875
1.751953125,-0.8447265625,1.00732421875,54.931640625,-233.82568359375,-131.53076171875
1.76318359375,-0.84521484375,0.87255859375,55.23681640625,-229.248046875,-129.39453125
1.80322265625,-0.830078125,0.8505859375,55.35888671875,-238.34228515625,-126.46484375
1.70703125,-0.8271484375,0.83544921875,55.60302734375,-218.32275390625,-108.5205078125
1.72802734375,-0.8173828125,0.81298828125,55.60302734375,-211.97509765625,-105.04150390625
1.732421875,-0.9375,0.9326171875,55.6640625,-223.7548828125,-102.783203125
1.7373046875,-0.931640625,0.923828125,55.6640625,-219.90966796875,-115.966796875
1.89013671875,-0.9189453125,0.91552734375,55.72509765625,-199.0966796875,-111.99951171875
1.8994140625,-0.9072265625,0.9169921875,55.908203125,-195.73974609375,-109.4970703125
1.8876953125,-0.892578125,0.9130859375,55.908203125,-207.33642578125,-89.90478515625
1.88134765625,-0.8759765625,0.9111328125,56.5185546875,-205.078125,-87.0361328125
1.87548828125,-0.732421875,0.91357421875,57.12890625,-187.3779296875,-99.853515625
1.88525390625,-0.712890625,0.89697265625,58.28857421875,-185.36376953125,-95.0927734375
1.88916015625,-0.69921875,0.88720703125,58.9599609375,-184.2041015625,-76.59912109375
1.88623046875,-0.806640625,0.88427734375,60.24169921875,-183.4716796875,-72.021484375
1.74658203125,-0.79541015625,0.88330078125,61.1572265625,-182.9833984375,-84.53369140625
1.72265625,-0.771484375,0.88037109375,79.04052734375,-182.92236328125,-79.833984375
1.7197265625,-0.75341796875,0.7451171875,80.62744140625,-182.80029296875,-60.791015625
1.70849609375,-0.61083984375,0.7412109375,82.51953125,-182.9833984375,-57.4951171875
1.806640625,-0.5849609375,0.72216796875,85.205078125,-182.9833984375,-67.9931640625
1.7890625,-0.68310546875,0.7119140625,71.6552734375,-182.55615234375,-64.51416015625
1.7666015625,-0.642578125,0.68896484375,74.64599609375,-182.2509765625,-43.701171875
1.76318359375,-0.4921875,0.794921875,76.72119140625,-181.640625,-40.10009765625
1.75341796875,-0.470703125,0.7783203125,94.1162109375,-180.5419921875,-52.3681640625
1.599609375,-0.45068359375,0.62060546875,97.10693359375,-194.76318359375,-47.119140625
1.5712890625,-0.443359375,0.60302734375,98.876953125,-193.17626953125,-28.01513671875
1.66943359375,-0.55859375,0.583984375,86.12060546875,-190.61279296875,-38.57421875
1.64453125,-0.5517578125,0.56591796875,87.7685546875,-188.3544921875,-35.400390625
1.4814453125,-0.5380859375,0.6611328125,90.39306640625,-168.64013671875,-14.6484375
1.4580078125,-0.52880859375,0.6396484375,92.041015625,-165.4052734375,-11.29150390625
1.4375,-0.51318359375,0.498046875,93.3837890625,-177.42919921875,-7.9345703125
1.5234375,-0.37109375,0.4560546875,110.9619140625,-155.8837890625,-18.798828125
1.36279296875,-0.36181640625,0.55712890625,111.9384765625,-151.7333984375,-15.93017578125
1.4296875,-0.35302734375,0.52783203125,113.4033203125,-161.1328125,4.5166015625
1.392578125,-0.3515625,0.5166015625,114.1357421875,-157.04345703125,7.26318359375
1.2255859375,-0.34765625,0.37451171875,114.990234375,-137.75634765625,-5.67626953125
1.29052734375,-0.34912109375,0.34814453125,115.72265625,-133.48388671875,-1.708984375
1.25146484375,-0.3486328125,0.3349609375,116.27197265625,-146.78955078125,16.357421875
1.18115234375,-0.3564453125,0.314453125,116.943359375,-144.59228515625,19.775390625
1.13671875,-0.359375,0.42724609375,101.86767578125,-143.798828125,21.91162109375
0.94873046875,-0.36181640625,0.40966796875,102.35595703125,-143.9208984375,8.7890625
1.03466796875,-0.3623046875,0.39697265625,102.47802734375,-144.83642578125,10.31494140625
1.00048828125,-0.36865234375,0.38037109375,102.9052734375,-146.17919921875,11.474609375
0.8291015625,-0.375,0.232421875,103.271484375,-133.6669921875,12.87841796875
0.9248046875,-0.51025390625,0.22509765625,103.33251953125,-136.474609375,13.5498046875
0.8828125,-0.529296875,0.212890625,103.515625,-157.5927734375,14.0380859375
0.7275390625,-0.54052734375,0.203125,103.69873046875,-161.68212890625,14.09912109375
0.7119140625,-0.54638671875,0.19921875,103.94287109375,-150.45166015625,14.0380859375
0.68798828125,-0.5625,0.19091796875,104.3701171875,-173.52294921875,13.61083984375
0.8056640625,-0.447265625,0.306640625,104.67529296875,-178.5888671875,12.939453125
0.80419921875,-0.4638671875,0.2998046875,104.91943359375,-171.0205078125,11.474609375
0.7998046875,-0.4765625,0.30126953125,105.40771484375,-192.138671875,10.1318359375
0.77294921875,-0.49365234375,0.29541015625,105.95703125,-184.4482421875,23.37646484375
0.765625,-0.626953125,0.29443359375,106.26220703125,-205.01708984375,21.97265625
0.76025390625,-0.6259765625,0.29541015625,106.8115234375,-209.716796875,20.08056640625
0.61962890625,-0.4921875,0.28759765625,107.84912109375,-200.62255859375,17.4560546875
0.61083984375,-0.490234375,0.27783203125,108.09326171875,-219.78759765625,-0.244140625
0.59765625,-0.47998046875,0.2744140625,109.0087890625,-224.30419921875,-3.11279296875
0.58984375,-0.4697265625,0.26806640625,125.30517578125,-226.25732421875,-5.126953125
0.58154296875,-0.45751953125,0.26171875,125.91552734375,-212.34130859375,-7.26318359375
0.685546875,-0.4453125,0.2509765625,126.953125,-213.5009765625,5.43212890625
0.591796875,-0.44677734375,0.27783203125,127.44140625,-213.623046875,3.11279296875
1.7890625,-0.9609375,1.46142578125,125.1220703125,-224.365234375,1.8310546875
1.20361328125,-1.09521484375,0.5546875,108.642578125,-210.205078125,1.40380859375
0.49072265625,-0.7939453125,0.6015625,127.62451171875,-187.92724609375,-18.4326171875
1.97021484375,-0.76611328125,1.75439453125,107.48291015625,-179.6875,-17.02880859375
0.96533203125,-0.59619140625,0.66552734375,106.38427734375,-161.4990234375,1.77001953125
0.6064453125,-0.626953125,0.58447265625,106.201171875,-141.2353515625,-16.41845703125
1.3037109375,-0.44921875,0.98046875,105.28564453125,-127.62451171875,-15.9912109375
0.78466796875,-0.47216796875,0.73193359375,102.1728515625,-101.1962890625,1.89208984375
0.69384765625,-0.63916015625,0.8037109375,116.943359375,-85.693359375,1.28173828125
1.04345703125,-0.6435546875,0.91259765625,115.966796875,-70.25146484375,1.28173828125
0.705078125,-0.48193359375,0.7001953125,113.28125,-31.25,1.708984375
0.75634765625,-0.46533203125,0.759765625,111.81640625,-32.958984375,1.64794921875
0.14208984375,-0.70166015625,1.2333984375,92.529296875,-15.9912109375,1.0986328125
0.62109375,-0.93017578125,1.09814453125,89.05029296875,3.72314453125,0.42724609375
0.66064453125,-0.3505859375,0.50439453125,91.36962890625,-4.82177734375,2.86865234375
0.20849609375,-0.515625,1.4912109375,101.50146484375,17.4560546875,0.9765625
0.69580078125,-0.4638671875,1.068359375,98.5107421875,23.0712890625,-16.29638671875
0.78271484375,-0.49267578125,0.56982421875,96.19140625,15.13671875,1.28173828125
0.80810546875,-0.5087890625,0.83740234375,95.15380859375,32.16552734375,1.953125
0.77685546875,-0.34619140625,1.04345703125,74.76806640625,33.8134765625,2.685546875
0.70166015625,-0.5244140625,0.771484375,72.20458984375,34.24072265625,3.5400390625
0.88916015625,-0.44482421875,0.57763671875,70.73974609375,33.87451171875,5.126953125
0.88037109375,-0.49462890625,0.7734375,83.43505859375,31.31103515625,-7.62939453125
0.7333984375,-0.65283203125,0.67822265625,81.54296875,13.18359375,-5.92041015625
0.74169921875,-0.568359375,0.47314453125,79.345703125,23.3154296875,-2.44140625
0.900390625,-0.59326171875,0.4443359375,62.31689453125,18.85986328125,15.80810546875
0.90966796875,-0.61083984375,0.3564453125,60.546875,-5.06591796875,20.08056640625
0.9189453125,-0.6142578125,0.43310546875,59.6923828125,4.150390625,22.94921875
0.81396484375,-0.607421875,0.41064453125,59.08203125,-18.49365234375,10.1318359375
0.93408203125,-0.5947265625,0.21240234375,58.2275390625,-13.97705078125,14.70947265625
0.9189453125,-0.5908203125,0.3046875,57.9833984375,-37.2314453125,33.69140625
0.90087890625,-0.5830078125,0.25244140625,57.55615234375,-48.64501953125,38.75732421875
0.927734375,-0.587890625,0.0947265625,57.67822265625,-40.34423828125,26.55029296875
0.9326171875,-0.58837890625,0.083984375,57.6171875,-62.744140625,30.21240234375
0.82666015625,-0.6025390625,0.08056640625,57.80029296875,-55.84716796875,50.84228515625
0.84130859375,-0.61181640625,0.07373046875,58.41064453125,-60.85205078125,53.955078125
0.85302734375,-0.75244140625,0.1708984375,59.4482421875,-83.06884765625,43.212890625
0.86328125,-0.78125,0.1494140625,59.814453125,-70.556640625,45.7763671875
1.00732421875,-0.6904296875,0.16015625,61.21826171875,-74.462890625,65.185546875
1.009765625,-0.71240234375,0.15771484375,61.58447265625,-75.68359375,67.3828125
1.00927734375,-0.74072265625,0.1533203125,62.1337890625,-76.23291015625,69.4580078125
1.01416015625,-0.9326171875,-0.0107421875,62.31689453125,-76.7822265625,56.7626953125
0.8984375,-0.92919921875,0.0341796875,61.767578125,-76.171875,58.77685546875
0.89013671875,-0.85009765625,0.25,62.19482421875,-76.904296875,61.46240234375
0.58984375,-0.85888671875,0.052734375,60.36376953125,-76.7822265625,80.38330078125
0.89404296875,-0.921875,0.02685546875,60.546875,-94.05517578125,82.21435546875
1.0302734375,-0.70703125,0.50927734375,60.546875,-95.21484375,85.38818359375
0.69384765625,-0.71923828125,0.23828125,60.36376953125,-95.21484375,72.021484375
1.01806640625,-0.91455078125,0.22802734375,61.8896484375,-96.74072265625,73.66943359375
1.1396484375,-0.83642578125,0.41943359375,62.31689453125,-97.5341796875,74.951171875
0.87158203125,-0.94140625,0.2216796875,78.369140625,-97.59521484375,76.2939453125
1.05615234375,-0.98974609375,0.20703125,78.79638671875,-98.08349609375,76.5380859375
0.93896484375,-1.15625,0.2158203125,78.67431640625,-98.08349609375,76.72119140625
1.0556640625,-1.08447265625,0.20849609375,78.2470703125,-98.2666015625,76.84326171875
1.06103515625,-1.10107421875,0.2138671875,61.95068359375,-98.20556640625,76.416015625
1.03173828125,-1.12060546875,0.22802734375,60.9130859375,-97.47314453125,76.0498046875
1.009765625,-1.25390625,0.2119140625,59.5703125,-96.98486328125,75.5615234375
1.01025390625,-1.2666015625,0.20458984375,58.77685546875,-96.13037109375,74.89013671875
1.00390625,-1.2939453125,0.2333984375,56.82373046875,-95.39794921875,73.91357421875
0.869140625,-1.30419921875,0.23828125,55.6640625,-94.970703125,73.05908203125
1.0048828125,-1.18994140625,0.22216796875,69.7021484375,-94.3603515625,71.59423828125
1.0107421875,-1.1953125,0.2255859375,68.66455078125,-94.05517578125,70.80078125
0.87109375,-1.1884765625,0.21923828125,66.89453125,-93.8720703125,84.53369140625
0.87060546875,-1.29833984375,0.20947265625,66.10107421875,-94.1162109375,82.94677734375
0.86083984375,-1.28662109375,0.19482421875,65.0634765625,-94.17724609375,81.60400390625
0.85693359375,-1.27734375,0.29443359375,63.96484375,-94.7265625,79.40673828125
0.83349609375,-1.25341796875,0.27880859375,63.41552734375,-94.970703125,78.30810546875
0.92333984375,-1.1025390625,0.26171875,46.81396484375,-95.5810546875,60.24169921875
0.92041015625,-1.09912109375,0.0888671875,46.32568359375,-96.00830078125,58.9599609375
0.88330078125,-1.09716796875,0.1767578125,45.7763671875,-96.49658203125,57.92236328125
0.72607421875,-1.10107421875,0.16650390625,45.0439453125,-97.0458984375,56.21337890625
0.71630859375,-1.103515625,0.14111328125,44.61669921875,-97.10693359375,55.11474609375
0.7021484375,-1.1142578125,-0.02880859375,43.76220703125,-97.83935546875,69.64111328125
0.6875,-1.1220703125,-0.0478515625,43.212890625,-97.83935546875,68.9697265625
0.79638671875,-1.25439453125,0.06103515625,42.90771484375,-98.0224609375,68.05419921875
0.791015625,-1.2705078125,0.0419921875,42.05322265625,-98.44970703125,67.44384765625
0.80419921875,-1.302734375,0.03271484375,41.6259765625,-98.7548828125,66.5283203125
0.796875,-1.2060546875,0.029296875,41.07666015625,-99.67041015625,65.49072265625
0.6201171875,-1.203125,0.0048828125,40.83251953125,-100.52490234375,65.12451171875
0.609375,-1.19873046875,-0.13330078125,40.58837890625,-86.669921875,64.14794921875
0.60400390625,-1.201171875,-0.13818359375,40.52734375,-87.70751953125,63.5986328125
0.57373046875,-1.1982421875,-0.1474609375,40.58837890625,-88.92822265625,63.65966796875
0.56689453125,-1.197265625,-0.14697265625,40.4052734375,-91.00341796875,63.17138671875
0.56396484375,-1.20068359375,-0.15283203125,40.46630859375,-92.529296875,62.8662109375
0.67919921875,-1.2041015625,-0.1650390625,40.771484375,-110.65673828125,46.81396484375
0.6767578125,-1.21044921875,-0.1669921875,41.07666015625,-112.36572265625,46.7529296875
0.67724609375,-1.21435546875,-0.1669921875,41.56494140625,-113.95263671875,46.44775390625
0.6640625,-1.21533203125,-0.166015625,42.1142578125,-116.5771484375,46.142578125
0.658203125,-1.21923828125,-0.169921875,42.54150390625,-102.47802734375,46.08154296875
0.626953125,-1.2138671875,-0.1806640625,43.701171875,-104.79736328125,45.95947265625
0.4912109375,-1.20751953125,-0.0654296875,44.37255859375,-106.38427734375,45.8984375
0.470703125,-1.2109375,-0.07958984375,45.41015625,-108.3984375,46.08154296875
0.47265625,-1.21142578125,-0.09716796875,46.0205078125,-125.3662109375,46.38671875
0.48046875,-1.2080078125,-0.10888671875,46.69189453125,-126.40380859375,46.69189453125
0.498046875,-1.2177734375,-0.11865234375,63.232421875,-127.86865234375,62.5
0.63525390625,-1.22412109375,-0.2509765625,63.78173828125,-128.47900390625,62.5
0.64501953125,-1.2236328125,-0.2646484375,64.27001953125,-128.84521484375,46.69189453125
0.6416015625,-1.224609375,-0.27001953125,64.8193359375,-128.90625,46.81396484375
0.6279296875,-1.2265625,-0.26416015625,65.3076171875,-128.662109375,46.7529296875
0.47900390625,-1.22607421875,-0.27490234375,65.85693359375,-127.50244140625,46.630859375
0.47607421875,-1.2216796875,-0.2822265625,66.2841796875,-126.77001953125,46.7529296875
0.4736328125,-1.2060546875,-0.27490234375,67.0166015625,-109.31396484375,62.6220703125
0.4697265625,-1.19873046875,-0.26953125,67.5048828125,-107.421875,62.80517578125
0.474609375,-1.30810546875,-0.27490234375,68.17626953125,-104.3701171875,63.04931640625
0.48193359375,-1.28515625,-0.29150390625,68.603515625,-102.11181640625,62.98828125
0.47216796875,-1.2607421875,-0.31005859375,68.9697265625,-115.234375,63.232421875
0.45263671875,-1.109375,-0.30908203125,69.7021484375,-111.38916015625,63.65966796875
0.4482421875,-1.08984375,-0.19384765625,70.25146484375,-92.7734375,63.8427734375
0.44775390625,-1.08349609375,-0.18994140625,55.17578125,-88.31787109375,64.63623046875
0.4462890625,-1.0810546875,-0.29638671875,55.48095703125,-100.9521484375,64.94140625
0.4443359375,-1.08544921875,-0.1884765625,55.908203125,-98.08349609375,65.185546875
0.45751953125,-1.06396484375,-0.2392578125,56.45751953125,-77.880859375,65.91796875
0.45849609375,-1.1875,-0.23876953125,56.640625,-74.8291015625,66.40625
0.44287109375,-1.1875,-0.2255859375,57.0068359375,-85.63232421875,67.07763671875
0.5615234375,-1.06787109375,-0.22998046875,57.12890625,-82.275390625,67.7490234375
0.55615234375,-1.064453125,-0.24560546875,57.7392578125,-61.70654296875,68.2373046875
0.546875,-1.185546875,-0.23974609375,57.80029296875,-58.65478515625,68.90869140625
0.533203125,-1.17919921875,-0.23583984375,58.16650390625,-55.35888671875,69.580078125
0.53125,-1.1708984375,-0.2490234375,58.65478515625,-66.40625,54.8095703125
0.529296875,-1.15625,-0.24267578125,58.837890625,-63.78173828125,55.419921875
0.52734375,-1.1455078125,-0.232421875,59.08203125,-43.88427734375,56.396484375
0.533203125,-1.1416015625,-0.2275390625,59.26513671875,-41.19873046875,57.12890625
0.52197265625,-1.13623046875,-0.21826171875,59.6923828125,-54.3212890625,57.55615234375
0.51806640625,-1.130859375,-0.2041015625,59.99755859375,-50.6591796875,58.2275390625
0.5146484375,-1.1357421875,-0.19091796875,60.11962890625,-48.40087890625,58.837890625
0.5,-1.14208984375,-0.1884765625,60.791015625,-29.541015625,59.326171875
0.37255859375,-1.1435546875,-0.30517578125,60.97412109375,-27.2216796875,60.24169921875
0.5048828125,-1.1455078125,-0.3076171875,61.5234375,-24.4140625,60.85205078125
0.50244140625,-1.146484375,-0.2998046875,61.6455078125,-38.0859375,61.21826171875
0.50439453125,-1.15087890625,-0.2958984375,61.70654296875,-35.7666015625,61.58447265625
0.37109375,-1.14306640625,-0.28955078125,62.3779296875,-32.89794921875,62.1337890625
0.359375,-1.130859375,-0.294921875,78.125,-15.31982421875,78.18603515625
0.36083984375,-0.9951171875,-0.29296875,78.2470703125,-12.3291015625,78.91845703125
0.349609375,-0.98779296875,-0.29052734375,78.61328125,-10.986328125,79.345703125
0.3505859375,-0.98193359375,-0.28857421875,78.857421875,-9.33837890625,79.833984375
0.3564453125,-0.97705078125,-0.2880859375,79.04052734375,-22.8271484375,80.62744140625
0.3583984375,-0.97412109375,-0.28466796875,79.1015625,-21.8505859375,80.9326171875
0.36083984375,-0.978515625,-0.28125,79.58984375,-20.263671875,81.6650390625
0.35205078125,-0.97705078125,-0.28466796875,79.7119140625,-19.775390625,82.275390625
0.349609375,-0.97705078125,-0.291015625,80.322265625,-19.04296875,82.82470703125
0.3388671875,-0.97216796875,-0.279296875,80.6884765625,-18.9208984375,83.31298828125
0.33349609375,-0.96484375,-0.27734375,80.9326171875,-19.34814453125,83.8623046875
0.33447265625,-0.9599609375,-0.28173828125,81.4208984375,-19.83642578125,84.77783203125
0.32958984375,-0.95849609375,-0.2890625,81.72607421875,-20.81298828125,85.38818359375
0.32080078125,-0.9638671875,-0.29052734375,81.9091796875,-22.52197265625,70.556640625
0.31884765625,-0.97314453125,-0.283203125,82.09228515625,-8.1787109375,71.35009765625
0.31884765625,-0.98388671875,-0.28857421875,82.1533203125,-9.6435546875,71.71630859375
0.33349609375,-0.9970703125,-0.29150390625,82.21435546875,-12.02392578125,72.44873046875
0.33935546875,-1.1328125,-0.28369140625,82.33642578125,-13.85498046875,72.8759765625
0.3388671875,-1.15283203125,-0.28125,82.70263671875,-32.16552734375,73.54736328125
0.3330078125,-1.1513671875,-0.2861328125,82.763671875,-33.99658203125,73.79150390625
0.32080078125,-0.99072265625,-0.2939453125,83.06884765625,-36.92626953125,74.3408203125
0.32080078125,-1.14013671875,-0.26611328125,83.1298828125,-38.818359375,74.5849609375
0.3173828125,-1.1767578125,-0.26123046875,83.3740234375,-24.71923828125,75.01220703125
0.42724609375,-1.17822265625,-0.2919921875,83.80126953125,-27.587890625,75.62255859375
0.4365234375,-1.18017578125,-0.26513671875,84.04541015625,-29.23583984375,76.11083984375
0.42236328125,-1.1787109375,-0.25732421875,84.3505859375,-31.18896484375,76.47705078125
0.41357421875,-1.1572265625,-0.2822265625,84.65576171875,-48.27880859375,76.7822265625
0.42529296875,-1.12744140625,-0.28515625,84.77783203125,-49.01123046875,77.08740234375
0.423828125,-0.97314453125,-0.2587890625,85.205078125,-50.35400390625,77.63671875
0.41064453125,-0.9619140625,-0.2646484375,85.26611328125,-50.537109375,77.94189453125
0.39990234375,-0.9541015625,-0.2626953125,85.02197265625,-50.96435546875,93.994140625
0.40576171875,-1.0625,-0.11767578125,85.0830078125,-51.33056640625,94.482421875
0.31494140625,-1.015625,-0.12451171875,85.0830078125,-51.69677734375,95.03173828125
0.41650390625,-1.0625,-0.10400390625,85.02197265625,-51.3916015625,95.0927734375
0.39013671875,-0.990234375,-0.095703125,84.8388671875,-51.57470703125,95.21484375
0.41064453125,-1.12841796875,-0.1220703125,85.02197265625,-51.513671875,95.5810546875
0.43310546875,-1.1357421875,-0.1181640625,85.0830078125,-51.513671875,95.88623046875
0.3125,-1.14208984375,-0.09619140625,84.53369140625,-50.72021484375,96.25244140625
0.32373046875,-0.99609375,-0.1162109375,84.3505859375,-50.29296875,96.0693359375
0.43603515625,-0.9833984375,-0.1064453125,84.28955078125,-49.8046875,96.25244140625
0.41259765625,-0.9755859375,-0.072265625,84.16748046875,-49.1943359375,96.435546875
0.41162109375,-0.96630859375,-0.0849609375,83.67919921875,-48.76708984375,96.49658203125
0.41259765625,-0.9609375,-0.0888671875,83.6181640625,-48.03466796875,96.923828125
0.42529296875,-0.95947265625,-0.07177734375,83.3740234375,-47.8515625,96.98486328125
0.32080078125,-0.9541015625,-0.07568359375,82.8857421875,-31.18896484375,97.2900390625
0.31298828125,-1.0595703125,-0.07373046875,82.70263671875,-30.57861328125,97.35107421875
0.42529296875,-1.0400390625,-0.17822265625,82.3974609375,-30.029296875,97.412109375
0.41552734375,-1.01416015625,-0.1689453125,81.97021484375,-29.35791015625,97.5341796875
0.41064453125,-0.87060546875,-0.166015625,81.35986328125,-28.9306640625,97.71728515625
0.43212890625,-0.81884765625,-0.166015625,80.6884765625,-28.1982421875,97.900390625
0.31884765625,-0.9052734375,-0.16748046875,80.38330078125,-28.076171875,97.7783203125
0.39111328125,-0.8251953125,0.0029296875,79.89501953125,-28.1982421875,97.83935546875
0.216796875,-1.00244140625,0.00439453125,79.2236328125,-28.564453125,98.2666015625
0.23974609375,-1.01904296875,-0.15283203125,78.67431640625,-28.9306640625,98.388671875
0.38720703125,-1.0341796875,-0.142578125,62.19482421875,-29.052734375,98.69384765625
0.4052734375,-1.03125,-0.14501953125,61.70654296875,-29.052734375,98.7548828125
0.404296875,-1.0263671875,-0.1416015625,60.60791015625,-28.99169921875,98.388671875
0.37548828125,-1.02001953125,-0.1259765625,59.9365234375,-28.86962890625,98.20556640625
0.23681640625,-1.00341796875,0.01611328125,59.326171875,-29.1748046875,98.08349609375
0.240234375,-0.869140625,0.02734375,58.7158203125,-29.60205078125,98.0224609375
0.23046875,-0.865234375,0.021484375,58.16650390625,-30.2734375,97.900390625
0.23486328125,-0.8544921875,0.02001953125,57.55615234375,-30.8837890625,97.83935546875
0.22705078125,-0.8544921875,0.02978515625,56.94580078125,-31.18896484375,97.47314453125
0.2294921875,-0.84375,0.02001953125,56.15234375,-46.9970703125,97.5341796875
0.21435546875,-0.82958984375,0.02783203125,55.11474609375,-47.30224609375,97.35107421875
0.20263671875,-0.82666015625,0.03955078125,70.12939453125,-47.36328125,96.98486328125
0.20166015625,-0.9248046875,0.04248046875,68.90869140625,-47.42431640625,97.0458984375
0.21875,-0.8828125,0.041015625,68.2373046875,-47.36328125,96.98486328125
0.20166015625,-0.7470703125,-0.0625,66.95556640625,-47.4853515625,96.5576171875
0.2529296875,-0.9345703125,-0.0185546875,66.10107421875,-47.91259765625,96.19140625
0.11181640625,-0.82666015625,-0.046875,65.3076171875,-48.095703125,96.13037109375
0.29052734375,-0.81689453125,0.037109375,63.90380859375,-47.8515625,96.13037109375
0.19482421875,-0.81884765625,0.0517578125,63.04931640625,-47.36328125,96.13037109375
0.1923828125,-0.826171875,-0.0595703125,45.7763671875,-29.96826171875,95.39794921875
0.29345703125,-0.935546875,-0.0625,44.73876953125,-29.052734375,95.03173828125
0.2607421875,-0.91552734375,-0.0400390625,43.51806640625,-28.3203125,94.54345703125
0.12451171875,-0.912109375,-0.013671875,42.3583984375,-27.4658203125,94.29931640625
0.2568359375,-0.9033203125,-0.02685546875,41.6259765625,-27.03857421875,94.17724609375
0.263671875,-0.8974609375,-0.0302734375,40.283203125,-26.42822265625,77.880859375
0.26123046875,-0.8974609375,-0.02880859375,39.55078125,-26.06201171875,77.5146484375
0.2548828125,-0.896484375,-0.0322265625,53.64990234375,-25.81787109375,77.1484375
0.1240234375,-0.89404296875,-0.03466796875,53.1005859375,-25.146484375,77.0263671875
0.25,-0.88818359375,-0.0302734375,52.42919921875,-24.7802734375,76.66015625
0.2529296875,-0.74951171875,-0.03271484375,51.025390625,-24.169921875,75.927734375
0.11962890625,-0.74462890625,-0.02783203125,50.35400390625,-23.681640625,75.62255859375
0.1171875,-0.7353515625,-0.02783203125,49.37744140625,-38.9404296875,75.01220703125
0.11279296875,-0.72607421875,-0.0263671875,48.4619140625,-38.6962890625,74.76806640625
0.1044921875,-0.71923828125,-0.02685546875,47.54638671875,-38.4521484375,74.52392578125
0.103515625,-0.72265625,-0.02099609375,31.005859375,-37.78076171875,73.79150390625
0.09423828125,-0.72119140625,-0.03173828125,30.2734375,-37.7197265625,73.42529296875
0.0830078125,-0.712890625,-0.0302734375,29.11376953125,-37.41455078125,72.93701171875
0.08447265625,-0.72021484375,-0.02392578125,28.25927734375,-37.109375,72.69287109375
0.068359375,-0.72265625,-0.02197265625,26.79443359375,-37.04833984375,71.8994140625
0.185546875,-0.7197265625,-0.01708984375,26.06201171875,-37.109375,71.71630859375
0.18359375,-0.72021484375,-0.01611328125,25.45166015625,-37.4755859375,71.47216796875
0.18017578125,-0.7177734375,-0.00830078125,23.98681640625,-37.53662109375,70.80078125
0.1708984375,-0.71484375,-0.00927734375,23.49853515625,-37.9638671875,85.8154296875
0.16162109375,-0.71875,0.125,37.90283203125,-38.330078125,85.26611328125
0.15966796875,-0.71484375,0.125,37.17041015625,-23.49853515625,84.9609375
0.16943359375,-0.71337890625,0.1318359375,36.376953125,-23.98681640625,84.5947265625
0.15234375,-0.720703125,0.14306640625,35.33935546875,-24.4140625,83.740234375
0.15869140625,-0.716796875,0.14794921875,34.97314453125,-24.47509765625,83.06884765625
0.1513671875,-0.7099609375,0.15966796875,33.99658203125,-24.96337890625,82.45849609375
0.13720703125,-0.70361328125,0.169921875,33.3251953125,-24.7802734375,81.787109375
0.13525390625,-0.8095703125,0.18017578125,32.5927734375,-24.4140625,80.810546875
0.140625,-0.79736328125,0.0654296875,31.79931640625,-23.92578125,80.322265625
0.134765625,-0.7861328125,0.07080078125,31.25,-38.818359375,79.77294921875
0.140625,-0.78466796875,0.07958984375,14.58740234375,-37.59765625,78.9794921875
0.1357421875,-0.78125,0.08837890625,13.97705078125,-36.376953125,78.369140625
-0.0029296875,-0.7802734375,0.10595703125,13.00048828125,-34.7900390625,61.58447265625
-0.005859375,-0.7744140625,0.11376953125,12.451171875,-33.69140625,61.03515625
-0.00341796875,-0.76708984375,0.12158203125,11.77978515625,-32.8369140625,60.48583984375
-0.00830078125,-0.75634765625,0.26025390625,11.16943359375,-31.6162109375,59.5703125
-0.0078125,-0.62255859375,0.271484375,10.6201171875,-15.56396484375,59.02099609375
-0.01171875,-0.6103515625,0.2900390625,10.07080078125,-14.58740234375,58.04443359375
-0.015625,-0.60498046875,0.29931640625,9.82666015625,-14.34326171875,57.55615234375
-0.02197265625,-0.60009765625,0.310546875,8.85009765625,-14.09912109375,56.57958984375
-0.01953125,-0.59814453125,0.20068359375,8.48388671875,-14.16015625,55.7861328125
-0.01806640625,-0.6015625,0.2109375,8.1787109375,-14.34326171875,54.99267578125
-0.01416015625,-0.6123046875,0.22021484375,23.25439453125,-14.7705078125,69.51904296875
-0.01416015625,-0.61865234375,0.2314453125,22.88818359375,-14.95361328125,68.90869140625
-0.0146484375,-0.7578125,0.37646484375,22.3388671875,-15.31982421875,67.68798828125
-0.009765625,-0.76513671875,0.38330078125,22.03369140625,-15.380859375,67.19970703125
-0.005859375,-0.77490234375,0.39404296875,21.6064453125,-15.19775390625,66.0400390625
-0.01025390625,-0.7900390625,0.41845703125,21.1181640625,-14.95361328125,64.94140625
-0.0166015625,-0.80322265625,0.42919921875,20.69091796875,-14.70947265625,64.39208984375
-0.02392578125,-0.69091796875,0.318359375,19.95849609375,-14.34326171875,63.29345703125
-0.02587890625,-0.70263671875,0.3310546875,19.4091796875,-13.7939453125,62.5
-0.0166015625,-0.72998046875,0.34765625,18.5546875,-12.87841796875,45.654296875
-0.02685546875,-0.74169921875,0.36083984375,17.822265625,-12.5732421875,45.0439453125
-0.03271484375,-0.87939453125,0.36865234375,17.27294921875,-12.0849609375,44.189453125
-0.0380859375,-0.90673828125,0.5126953125,16.17431640625,-11.5966796875,43.212890625
-0.03759765625,-0.93212890625,0.5244140625,-0.244140625,-11.29150390625,42.54150390625
-0.029296875,-0.84130859375,0.53857421875,-1.64794921875,-11.71875,41.93115234375
-0.03271484375,-0.859375,0.54736328125,-2.62451171875,-12.14599609375,40.95458984375
-0.02197265625,-0.87353515625,0.544921875,-3.47900390625,-12.3291015625,40.283203125
-0.015625,-1.02880859375,0.4404296875,-4.8828125,-13.18359375,39.306640625
-0.01611328125,-1.046875,0.56005859375,-5.859375,-13.73291015625,54.50439453125
0.130859375,-0.9482421875,0.4482421875,-7.4462890625,-14.70947265625,53.7109375
-0.0048828125,-0.96923828125,0.4560546875,7.4462890625,-15.2587890625,53.16162109375
0.13232421875,-0.98974609375,0.45458984375,5.79833984375,-15.380859375,52.30712890625
0.1318359375,-0.99658203125,0.4482421875,4.33349609375,-31.43310546875,52.1240234375
-0.00537109375,-1.130859375,0.45068359375,3.41796875,-31.6162109375,51.8798828125
-0.0029296875,-1.15380859375,0.4521484375,2.01416015625,-31.73828125,51.94091796875
0.1259765625,-1.1689453125,0.4375,0.8544921875,-31.982421875,51.81884765625
-0.00732421875,-1.0673828125,0.55224609375,-16.78466796875,-31.73828125,52.06298828125
-0.00048828125,-1.087890625,0.44287109375,-18.12744140625,-31.92138671875,52.001953125
0.14599609375,-1.10888671875,0.54052734375,-18.9208984375,-32.2265625,52.67333984375
0.1494140625,-1.25927734375,0.5390625,-20.263671875,-32.40966796875,52.79541015625
0.1337890625,-1.27392578125,0.54345703125,-21.3623046875,-32.3486328125,53.03955078125
0.1552734375,-1.29345703125,0.5166015625,-22.88818359375,-33.14208984375,54.01611328125
0.14599609375,-1.30419921875,0.513671875,-8.11767578125,-33.38623046875,54.443359375
0.14306640625,-1.19482421875,0.5166015625,-8.72802734375,-34.11865234375,39.4287109375
0.14404296875,-1.19775390625,0.3701171875,-9.94873046875,-34.5458984375,40.71044921875
0.13232421875,-1.19873046875,0.3603515625,-10.80322265625,-34.85107421875,41.44287109375
-0.013671875,-1.2041015625,0.345703125,-12.0849609375,-34.66796875,42.8466796875
-0.01611328125,-1.20361328125,0.33154296875,-12.87841796875,-34.24072265625,43.51806640625
-0.03369140625,-1.208984375,0.43603515625,-13.97705078125,-33.63037109375,45.34912109375
-0.041015625,-1.2177734375,0.43017578125,-14.70947265625,-32.77587890625,46.20361328125
-0.041015625,-1.22265625,0.4140625,-15.5029296875,-31.6162109375,62.6220703125
-0.04736328125,-1.23291015625,0.39794921875,-32.65380859375,-14.83154296875,64.27001953125
-0.05615234375,-1.244140625,0.38623046875,-33.3251953125,-14.22119140625,65.36865234375
-0.05908203125,-1.3828125,0.23583984375,-34.48486328125,-12.63427734375,66.650390625
-0.0625,-1.404296875,0.2197265625,-35.2783203125,-11.90185546875,67.68798828125
0.06005859375,-1.41796875,0.20947265625,-36.43798828125,-11.65771484375,68.4814453125
0.0537109375,-1.31591796875,0.1923828125,-37.4755859375,-11.3525390625,69.64111328125
0.04541015625,-1.32763671875,0.3046875,-38.39111328125,-11.29150390625,55.0537109375
0.03466796875,-1.32568359375,0.29248046875,-24.0478515625,-12.3291015625,56.15234375
0.02099609375,-1.3154296875,0.27587890625,-24.59716796875,-13.3056640625,56.884765625
0.00341796875,-1.4287109375,0.26513671875,-25.57373046875,-31.55517578125,58.10546875
0.00390625,-1.416015625,0.263671875,-26.123046875,-33.50830078125,58.837890625
0.0009765625,-1.40625,0.251953125,-26.85546875,-35.70556640625,59.5703125
0.0,-1.38037109375,0.11474609375,-27.64892578125,-23.49853515625,60.546875
-0.130859375,-1.23779296875,0.10498046875,-27.83203125,-26.06201171875,61.03515625
-0.1328125,-1.21435546875,0.095703125,-28.25927734375,-29.72412109375,61.767578125
-0.13427734375,-1.19580078125,0.08349609375,-28.74755859375,-47.66845703125,62.31689453125
-0.13720703125,-1.29833984375,0.0849609375,-28.86962890625,-49.98779296875,78.4912109375
-0.140625,-1.2705078125,0.08349609375,-29.35791015625,-52.734375,79.1015625
-0.14306640625,-1.123046875,0.07763671875,-29.60205078125,-54.38232421875,79.345703125
-0.150390625,-1.09375,0.07373046875,-29.6630859375,-40.6494140625,80.01708984375
-0.154296875,-1.08056640625,0.0654296875,-29.84619140625,-41.3818359375,80.4443359375
-0.15087890625,-1.0751953125,0.1689453125,-30.3955078125,-42.29736328125,80.50537109375
-0.1533203125,-1.0751953125,0.1640625,-30.6396484375,-42.6025390625,80.6884765625
-0.15771484375,-1.07177734375,0.15283203125,-30.8837890625,-42.66357421875,80.87158203125
-0.171875,-1.177734375,0.14599609375,-31.06689453125,-42.29736328125,80.6884765625
-0.18603515625,-1.16064453125,0.14453125,-46.93603515625,-42.17529296875,80.62744140625
-0.07666015625,-1.13671875,0.1416015625,-47.05810546875,-42.96875,80.322265625
-0.080078125,-0.99658203125,0.13134765625,-47.18017578125,-43.39599609375,80.322265625
-0.08642578125,-0.984375,-0.001953125,-47.2412109375,-43.76220703125,79.89501953125
-0.1015625,-0.962890625,-0.0068359375,-47.36328125,-45.41015625,79.2236328125
-0.1025390625,-0.9521484375,-0.0146484375,-47.18017578125,-46.5087890625,78.857421875
-0.11328125,-1.046875,-0.02880859375,-47.66845703125,-63.78173828125,78.18603515625
-0.115234375,-1.021484375,-0.03125,-47.79052734375,-65.3076171875,62.01171875
-0.2529296875,-0.86083984375,-0.033203125,-47.607421875,-67.138671875,61.09619140625
-0.2626953125,-0.83642578125,-0.0390625,-47.79052734375,-68.603515625,60.302734375
-0.271484375,-0.9345703125,-0.04541015625,-48.2177734375,-70.3125,59.38720703125
